url,metadata_reference
http://bet83043.com/,https://raw.githubusercontent.com/openphish/public_feed/refs/heads/main/feed.txt
https://messagerie02-livebox-ind.abrdns.com/id/soilandpile.com/wp-admin/js/js/char/num/index.html,https://raw.githubusercontent.com/openphish/public_feed/refs/heads/main/feed.txt
https://s4w.in/roblox-com-users-8614733229-profile,https://raw.githubusercontent.com/openphish/public_feed/refs/heads/main/feed.txt
https://somsper.lat/,https://raw.githubusercontent.com/openphish/public_feed/refs/heads/main/feed.txt
https://montanarenaissance.co.za/wp1/dxtest/pdfurl.html,https://raw.githubusercontent.com/openphish/public_feed/refs/heads/main/feed.txt
https://onlineacceso.cuidamostubolsillo.com/,https://raw.githubusercontent.com/openphish/public_feed/refs/heads/main/feed.txt
https://vogatchitrips.com/1111/fidlast/wpsign/digitalloginfull-page/l_ogin.php,https://raw.githubusercontent.com/openphish/public_feed/refs/heads/main/feed.txt
https://vmi3567924.contaboserver.net/fix/sen/rena/details.php,https://raw.githubusercontent.com/openphish/public_feed/refs/heads/main/feed.txt
https://redeembux.staticdomains.app/,https://raw.githubusercontent.com/openphish/public_feed/refs/heads/main/feed.txt
https://spring-dawn-5c45.jjjbiaoda.workers.dev/facebook.com-1027275509,https://raw.githubusercontent.com/openphish/public_feed/refs/heads/main/feed.txt
https://blookfi.godaddysites.com/,https://raw.githubusercontent.com/openphish/public_feed/refs/heads/main/feed.txt
https://www.blookfi.godaddysites.com/,https://raw.githubusercontent.com/openphish/public_feed/refs/heads/main/feed.txt
http://www.macc-mettasign1x.godaddysites.com/,https://raw.githubusercontent.com/openphish/public_feed/refs/heads/main/feed.txt
https://myid-telstra.flutterflow.app/,https://raw.githubusercontent.com/openphish/public_feed/refs/heads/main/feed.txt
https://zunmela-mpt-farqori-r1x7ke85.pages.dev/send_appeal_request,https://raw.githubusercontent.com/openphish/public_feed/refs/heads/main/feed.txt
https://g5.lu/apaxm,https://raw.githubusercontent.com/openphish/public_feed/refs/heads/main/feed.txt
https://wordpress-203685-icloudjp.cloudclusters.net/wp-content/accptw/redi/nord.php,https://raw.githubusercontent.com/openphish/public_feed/refs/heads/main/feed.txt
https://nhhkl.blogspot.com/,https://raw.githubusercontent.com/openphish/public_feed/refs/heads/main/feed.txt
http://www.nhhkl.blogspot.com/,https://raw.githubusercontent.com/openphish/public_feed/refs/heads/main/feed.txt
http://www.flatmountain.co.za/SpryAssets/upongoal/alldoo.html,https://raw.githubusercontent.com/openphish/public_feed/refs/heads/main/feed.txt
http://www.securebankofamerica.vercel.app/,https://raw.githubusercontent.com/openphish/public_feed/refs/heads/main/feed.txt
http://www.erwi.vercel.app/,https://raw.githubusercontent.com/openphish/public_feed/refs/heads/main/feed.txt
http://www.ka-importexportmicroframework.vercel.app/,https://raw.githubusercontent.com/openphish/public_feed/refs/heads/main/feed.txt
https://office-365-msn--oficeer.replit.app/,https://raw.githubusercontent.com/openphish/public_feed/refs/heads/main/feed.txt
http://securebankofamerica.vercel.app/,https://raw.githubusercontent.com/openphish/public_feed/refs/heads/main/feed.txt
https://security-server-landing-page--hahwjjjaugwa.replit.app/,https://raw.githubusercontent.com/openphish/public_feed/refs/heads/main/feed.txt
https://portal-kuoin-info.typedream.app/,https://raw.githubusercontent.com/openphish/public_feed/refs/heads/main/feed.txt
http://ka-importexportmicroframework.vercel.app/,https://raw.githubusercontent.com/openphish/public_feed/refs/heads/main/feed.txt
http://erwi.vercel.app/,https://raw.githubusercontent.com/openphish/public_feed/refs/heads/main/feed.txt
https://ondemandelectriccorp.s3.us-east-2.amazonaws.com/ondemandelectriccorp.html,https://raw.githubusercontent.com/openphish/public_feed/refs/heads/main/feed.txt
https://wajihashafiq24.github.io/myfirstclone/,https://raw.githubusercontent.com/openphish/public_feed/refs/heads/main/feed.txt
https://sbwww.pgn-s.com/CommonNetwork/scs-v1-0db0e1881d794b869674facc8ec76b291dcee43185d94e6aaef937c021f3da1c1b890232662c4023965070a1f6d0f1d3/,https://raw.githubusercontent.com/openphish/public_feed/refs/heads/main/feed.txt
http://track.chanret.com/trackclick.asp?ThreadKey=te2mcqj11&Email=bWFyay5zY2hhZmVyQGRhdW1jb21tZXJjaWFsLmNvbQ==&url=aHR0cHM6Ly90cmFja2luZy5ldS5ueWxhcy5jb20vbC81NmM4NjE1ZjViMTE0NWFmYjBhOTBhNTM3ZDA0YzNmMy8wL2YwZjUxYzIzNDM0ZDIxZmVkOTk0MWQ1YTUxMTA4NDIzYmFkNjM2ZDY0OTVhZTQ4MzZmNjAyMGQxOTYzYzNjODY/Y2FjaGVfYnVzdGVyPTE3NjMzMjcyNDM=,https://raw.githubusercontent.com/openphish/public_feed/refs/heads/main/feed.txt
https://www.metimaskloiigne.godaddysites.com/,https://raw.githubusercontent.com/openphish/public_feed/refs/heads/main/feed.txt
https://www.metamask.godaddysites.com/,https://raw.githubusercontent.com/openphish/public_feed/refs/heads/main/feed.txt
https://u.to/roblox-com-users-235243941-profile-ynsuig/1j2wIg,https://raw.githubusercontent.com/openphish/public_feed/refs/heads/main/feed.txt
http://roblox.com.mu/communities/9516746246/Music,https://raw.githubusercontent.com/openphish/public_feed/refs/heads/main/feed.txt
https://www.upselawindow.cfd/,https://raw.githubusercontent.com/openphish/public_feed/refs/heads/main/feed.txt
https://www.xelautometic.com/,https://raw.githubusercontent.com/openphish/public_feed/refs/heads/main/feed.txt
https://www.stafflistings254654.info/,https://raw.githubusercontent.com/openphish/public_feed/refs/heads/main/feed.txt
https://www.sotxlightnelroi.org/,https://raw.githubusercontent.com/openphish/public_feed/refs/heads/main/feed.txt
https://www.openexpressdion.cfd/,https://raw.githubusercontent.com/openphish/public_feed/refs/heads/main/feed.txt
https://www.hitt-teams-meet.com/,https://raw.githubusercontent.com/openphish/public_feed/refs/heads/main/feed.txt
https://www.medialek.cyou/,https://raw.githubusercontent.com/openphish/public_feed/refs/heads/main/feed.txt
https://www.plencos.com/,https://raw.githubusercontent.com/openphish/public_feed/refs/heads/main/feed.txt
https://www.textfabs.com/,https://raw.githubusercontent.com/openphish/public_feed/refs/heads/main/feed.txt
https://www.milleformless.com/,https://raw.githubusercontent.com/openphish/public_feed/refs/heads/main/feed.txt
https://www.carlislefi.com/,https://raw.githubusercontent.com/openphish/public_feed/refs/heads/main/feed.txt
https://www.bre-rednitzhembach.sbs/,https://raw.githubusercontent.com/openphish/public_feed/refs/heads/main/feed.txt
https://www.boucheriee.com/,https://raw.githubusercontent.com/openphish/public_feed/refs/heads/main/feed.txt
https://www.jbulawnet.cfd/,https://raw.githubusercontent.com/openphish/public_feed/refs/heads/main/feed.txt
https://www.anticrueltv.biz/,https://raw.githubusercontent.com/openphish/public_feed/refs/heads/main/feed.txt
https://www.net-bit.org/,https://raw.githubusercontent.com/openphish/public_feed/refs/heads/main/feed.txt
https://www.means-3657fmefilesdown.com/,https://raw.githubusercontent.com/openphish/public_feed/refs/heads/main/feed.txt
https://www.dirctoryaccessfile.com/,https://raw.githubusercontent.com/openphish/public_feed/refs/heads/main/feed.txt
https://www.eguiagroup.cfd/,https://raw.githubusercontent.com/openphish/public_feed/refs/heads/main/feed.txt
https://termoplastwebcamar.us/verify/46d128a8-aacd-4013-9715-802e507f85cd,https://raw.githubusercontent.com/openphish/public_feed/refs/heads/main/feed.txt
https://rmmrnacsupiples.cfd/,https://raw.githubusercontent.com/openphish/public_feed/refs/heads/main/feed.txt
https://www.iwajs.com/,https://raw.githubusercontent.com/openphish/public_feed/refs/heads/main/feed.txt
https://www.5ginvestmentnews.com/,https://raw.githubusercontent.com/openphish/public_feed/refs/heads/main/feed.txt
https://medialek.cyou/verify/5a32340e-2df4-4a64-aa3a-9769914f0e21,https://raw.githubusercontent.com/openphish/public_feed/refs/heads/main/feed.txt
https://www.1profitdeal.com/,https://raw.githubusercontent.com/openphish/public_feed/refs/heads/main/feed.txt
https://indoranma.com/verify/227707cd-0ed6-423e-9922-a5065ae54127,https://raw.githubusercontent.com/openphish/public_feed/refs/heads/main/feed.txt
http://www.globalrnatrixsurvey.com/,https://raw.githubusercontent.com/openphish/public_feed/refs/heads/main/feed.txt
https://accurateonlinelogin.top/verify/ff3a704a-0fa5-4cb6-901a-db32be30ba24,https://raw.githubusercontent.com/openphish/public_feed/refs/heads/main/feed.txt
https://berkshire-hathavvay.club/verify/b0a779ed-117a-45fc-8520-780c3b710b17,https://raw.githubusercontent.com/openphish/public_feed/refs/heads/main/feed.txt
https://accurateonlinelogin.top/verify/26d1c20d-2224-4e8b-b5e8-9288ab51046f,https://raw.githubusercontent.com/openphish/public_feed/refs/heads/main/feed.txt
http://www.frontierintegritys.com/,https://raw.githubusercontent.com/openphish/public_feed/refs/heads/main/feed.txt
http://www.gilbertprojectfiles.online/verify/2d47aa40-fd47-4f45-90d8-ae7d59958558/,https://raw.githubusercontent.com/openphish/public_feed/refs/heads/main/feed.txt
http://www.airllquide.live/,https://raw.githubusercontent.com/openphish/public_feed/refs/heads/main/feed.txt
http://www.kersonba.xyz/verify/951c3abc-3a04-42a5-afb0-dc0f59e6320e/,https://raw.githubusercontent.com/openphish/public_feed/refs/heads/main/feed.txt
http://www.preemtiveshares.cfd/,https://raw.githubusercontent.com/openphish/public_feed/refs/heads/main/feed.txt
http://recommission308.indigoipoint.app/543nondenominational/,https://raw.githubusercontent.com/openphish/public_feed/refs/heads/main/feed.txt
http://www.habitatillionis.xyz/,https://raw.githubusercontent.com/openphish/public_feed/refs/heads/main/feed.txt
http://www.tmbwqter.com/,https://raw.githubusercontent.com/openphish/public_feed/refs/heads/main/feed.txt
http://www.taylor-studweldings.com/,https://raw.githubusercontent.com/openphish/public_feed/refs/heads/main/feed.txt
http://www.abrdokersignc.cfd/,https://raw.githubusercontent.com/openphish/public_feed/refs/heads/main/feed.txt
http://www.ipgrussia.run/,https://raw.githubusercontent.com/openphish/public_feed/refs/heads/main/feed.txt
https://cmo-exchange.com/,https://raw.githubusercontent.com/openphish/public_feed/refs/heads/main/feed.txt
http://www.deepweb.network/,https://raw.githubusercontent.com/openphish/public_feed/refs/heads/main/feed.txt
https://setting-bluetick-ai.vercel.app/privacy-centers.html,https://raw.githubusercontent.com/openphish/public_feed/refs/heads/main/feed.txt
https://eng-2-weld.vercel.app/,https://raw.githubusercontent.com/openphish/public_feed/refs/heads/main/feed.txt
https://www.mmamuiskius.godaddysites.com/,https://raw.githubusercontent.com/openphish/public_feed/refs/heads/main/feed.txt
http://officialseller.vip/,https://raw.githubusercontent.com/openphish/public_feed/refs/heads/main/feed.txt
https://f005.backblazeb2.com/file/emmaniky00/highlife.html,https://raw.githubusercontent.com/openphish/public_feed/refs/heads/main/feed.txt
https://verificarmicuenta-login365s1.iceiy.com/,https://raw.githubusercontent.com/openphish/public_feed/refs/heads/main/feed.txt
http://44444321.sbs/,https://raw.githubusercontent.com/openphish/public_feed/refs/heads/main/feed.txt
https://vazhakapori.github.io/Ledger-app/,https://raw.githubusercontent.com/openphish/public_feed/refs/heads/main/feed.txt
https://www.roblox.com.mu/users/9709364840/profile,https://raw.githubusercontent.com/openphish/public_feed/refs/heads/main/feed.txt
https://fb-meta-verified-87632.vercel.app/privacy-centers.html,https://raw.githubusercontent.com/openphish/public_feed/refs/heads/main/feed.txt
https://oli841.github.io/Finan-n-kopilot/,https://raw.githubusercontent.com/openphish/public_feed/refs/heads/main/feed.txt
http://nicole-martin.accessadmin.co.za/,https://raw.githubusercontent.com/openphish/public_feed/refs/heads/main/feed.txt
http://comunidad--comunidadunitec.replit.app/,https://raw.githubusercontent.com/openphish/public_feed/refs/heads/main/feed.txt
http://y7nz6.about-tenant-id73486431.help/tr74koy/,https://raw.githubusercontent.com/openphish/public_feed/refs/heads/main/feed.txt
https://chckdataq.info/,https://raw.githubusercontent.com/openphish/public_feed/refs/heads/main/feed.txt
http://1w4.chckdataq.info/,https://raw.githubusercontent.com/openphish/public_feed/refs/heads/main/feed.txt
http://www.bzrexv.zllwhelpad.com/,https://raw.githubusercontent.com/openphish/public_feed/refs/heads/main/feed.txt
https://zillow-ad.sbs/san-diego-ca-92126-1m4uz1y/pad,https://raw.githubusercontent.com/openphish/public_feed/refs/heads/main/feed.txt
http://qdt.zllwhelpad.com/,https://raw.githubusercontent.com/openphish/public_feed/refs/heads/main/feed.txt
https://9p1uo6.chckdataq.info/,https://raw.githubusercontent.com/openphish/public_feed/refs/heads/main/feed.txt
http://wbiz.zllowdata.click/q90pm1m/,https://raw.githubusercontent.com/openphish/public_feed/refs/heads/main/feed.txt
http://ofg6l.list-zllw.com/8100-cambridge-st-houston-tx-77054-smh3xx/46/,https://raw.githubusercontent.com/openphish/public_feed/refs/heads/main/feed.txt
http://rj4wyt.chckdataq.info/,https://raw.githubusercontent.com/openphish/public_feed/refs/heads/main/feed.txt
https://v54x.chckdataq.info/,https://raw.githubusercontent.com/openphish/public_feed/refs/heads/main/feed.txt
http://www.tenant-id8137952.sbs/,https://raw.githubusercontent.com/openphish/public_feed/refs/heads/main/feed.txt
http://www.rj4wyt.chckdataq.info/,https://raw.githubusercontent.com/openphish/public_feed/refs/heads/main/feed.txt
http://gmkn.chckdataq.info/,https://raw.githubusercontent.com/openphish/public_feed/refs/heads/main/feed.txt
http://www.zillow-ad.sbs/9306-lily-ave-fountain-valley-ca-92708-1m63w43/pad-for-sublet/,https://raw.githubusercontent.com/openphish/public_feed/refs/heads/main/feed.txt
http://tenant-id8137952.sbs/,https://raw.githubusercontent.com/openphish/public_feed/refs/heads/main/feed.txt
http://www.9p1uo6.chckdataq.info/,https://raw.githubusercontent.com/openphish/public_feed/refs/heads/main/feed.txt
http://www.zillow-ad.sbs/,https://raw.githubusercontent.com/openphish/public_feed/refs/heads/main/feed.txt
https://www.roblox.com.bn/users/427876882424/profile,https://raw.githubusercontent.com/openphish/public_feed/refs/heads/main/feed.txt
https://login.auth-session-login.com/?keyname=U2Rr2jf,https://raw.githubusercontent.com/openphish/public_feed/refs/heads/main/feed.txt
https://roaring-marzipan-8ace7d.netlify.app/,https://raw.githubusercontent.com/openphish/public_feed/refs/heads/main/feed.txt
https://steam.tanisoft.net/?etext=2202.owpfVeIPSaayLcip1zY4wmFmanBsaXRxY2hhaGFwdWw.869580061caf0be9d0e50b668b4cc645d0db3b0d,https://raw.githubusercontent.com/openphish/public_feed/refs/heads/main/feed.txt
https://steam.tanisoft.net/?etext=2202.6gJ7hQp2G01yJKWCM4QxJ-8qXI8g-Fzhr2nRuObB6TpoemFpaW52Y2Fhc3FldHRq.031de83d8d9877a47d225e3e4293faf4f7ccf745,https://raw.githubusercontent.com/openphish/public_feed/refs/heads/main/feed.txt
https://temu-steam.vercel.app/,https://raw.githubusercontent.com/openphish/public_feed/refs/heads/main/feed.txt
https://steam.tanisoft.net/?etext=2202.Ac8IRlUuuaY8r0UBOBufA1RuAYj3xmwR3JHxG2OJL8xmaHVrdnN0cXhpbXBxZmxi.be2c770832b65d1ceafecd05004c44f7b79605cc,https://raw.githubusercontent.com/openphish/public_feed/refs/heads/main/feed.txt
https://steam.tanisoft.net/?etext=2202.GPMxT1pkHwGls1eUemlHpnRva3dpYnlqeHBybmV1b2w.e85436ee8f169db35f974416ead0daaba2709683,https://raw.githubusercontent.com/openphish/public_feed/refs/heads/main/feed.txt
https://conselhoconsultivominsaa-asd.pages.dev/,https://raw.githubusercontent.com/openphish/public_feed/refs/heads/main/feed.txt
https://s.teams-lo.com/p/fjbd-cbcr/juoklabx,https://raw.githubusercontent.com/openphish/public_feed/refs/heads/main/feed.txt
https://steamconnmunilty.com/code/2753896,https://raw.githubusercontent.com/openphish/public_feed/refs/heads/main/feed.txt
https://teams-tl.com/p/fjbd-cbch/xqkdvdzt,https://raw.githubusercontent.com/openphish/public_feed/refs/heads/main/feed.txt
https://steamcomunnity.shop/profiles/7656119883496415822,https://raw.githubusercontent.com/openphish/public_feed/refs/heads/main/feed.txt
https://steamcounmunlity.com/autumn/8135762135,https://raw.githubusercontent.com/openphish/public_feed/refs/heads/main/feed.txt
https://turko-athar.pages.dev/,https://raw.githubusercontent.com/openphish/public_feed/refs/heads/main/feed.txt
https://steam-coop-finder.pages.dev/,https://raw.githubusercontent.com/openphish/public_feed/refs/heads/main/feed.txt
https://siddharthgaikwad-git.github.io/Netflix-Inspired-Streaming-Platform/,https://raw.githubusercontent.com/openphish/public_feed/refs/heads/main/feed.txt
https://www.roblox.com.mu/users/6516761902/profile,https://raw.githubusercontent.com/openphish/public_feed/refs/heads/main/feed.txt
https://www.roblox.com.hr/communities/9698411058/Mystic-Studio,https://raw.githubusercontent.com/openphish/public_feed/refs/heads/main/feed.txt
http://www.gencatportalverif.vercel.app/,https://raw.githubusercontent.com/openphish/public_feed/refs/heads/main/feed.txt
http://www.gencatwrknew-cat.vercel.app/,https://raw.githubusercontent.com/openphish/public_feed/refs/heads/main/feed.txt
https://www.gencat-portal-officedsk.vercel.app/,https://raw.githubusercontent.com/openphish/public_feed/refs/heads/main/feed.txt
http://www.gencatportalupdttch.vercel.app/,https://raw.githubusercontent.com/openphish/public_feed/refs/heads/main/feed.txt
https://gencat-portal-officedsk.vercel.app/,https://raw.githubusercontent.com/openphish/public_feed/refs/heads/main/feed.txt
https://genccatt.vercel.app/,https://raw.githubusercontent.com/openphish/public_feed/refs/heads/main/feed.txt
https://gencatportaltdc.vercel.app/,https://raw.githubusercontent.com/openphish/public_feed/refs/heads/main/feed.txt
https://gennicat-cat.vercel.app/,https://raw.githubusercontent.com/openphish/public_feed/refs/heads/main/feed.txt
https://gencatportalupdttch.vercel.app/,https://raw.githubusercontent.com/openphish/public_feed/refs/heads/main/feed.txt
https://gencatwrknew-cat.vercel.app/,https://raw.githubusercontent.com/openphish/public_feed/refs/heads/main/feed.txt
https://gencatportalverif.vercel.app/,https://raw.githubusercontent.com/openphish/public_feed/refs/heads/main/feed.txt
https://blokifi_loginnn.godaddysites.com/,https://raw.githubusercontent.com/openphish/public_feed/refs/heads/main/feed.txt
http://www.blokifi_loginnn.godaddysites.com/,https://raw.githubusercontent.com/openphish/public_feed/refs/heads/main/feed.txt
https://s3.us-east-1.amazonaws.com/whitinganddavis.com/whitinganddaviss/download.html,https://raw.githubusercontent.com/openphish/public_feed/refs/heads/main/feed.txt
https://bhdacess02026.yzz.me/,https://raw.githubusercontent.com/openphish/public_feed/refs/heads/main/feed.txt
https://open-instagram.vercel.app/,https://raw.githubusercontent.com/openphish/public_feed/refs/heads/main/feed.txt
https://kihtjne.eu.cc/,https://raw.githubusercontent.com/openphish/public_feed/refs/heads/main/feed.txt
https://kjhtise.eu.cc/,https://raw.githubusercontent.com/openphish/public_feed/refs/heads/main/feed.txt
https://jketetys.eu.cc/,https://raw.githubusercontent.com/openphish/public_feed/refs/heads/main/feed.txt
https://yskers.eu.cc/,https://raw.githubusercontent.com/openphish/public_feed/refs/heads/main/feed.txt
https://sijesty.eu.cc/,https://raw.githubusercontent.com/openphish/public_feed/refs/heads/main/feed.txt
https://superiorwinona.com/officesupport/office/index.php?email=marorx@a8e7189f60d9e754b1968e645cb2fc1d9f53.com,https://raw.githubusercontent.com/openphish/public_feed/refs/heads/main/feed.txt
https://bebidasexpress.shop/,https://raw.githubusercontent.com/openphish/public_feed/refs/heads/main/feed.txt
https://zedel-kcis.vercel.app/,https://raw.githubusercontent.com/openphish/public_feed/refs/heads/main/feed.txt
https://racsacewednailwsid92441438a7594cbeb.vercel.app/,https://raw.githubusercontent.com/openphish/public_feed/refs/heads/main/feed.txt
https://x85-131-243-103.static.xvps.ne.jp/,https://raw.githubusercontent.com/openphish/public_feed/refs/heads/main/feed.txt
https://access-sc.jp/,https://raw.githubusercontent.com/openphish/public_feed/refs/heads/main/feed.txt
https://www.roblox.et/users/6058818144/profile,https://raw.githubusercontent.com/openphish/public_feed/refs/heads/main/feed.txt
https://amatteroflaw.com.au/tiff/allieif%20(2).html?eta=miral7@f9901f2b5b592d199e488af82f1c62dbd978.org,https://raw.githubusercontent.com/openphish/public_feed/refs/heads/main/feed.txt
http://ovasafedobe.pages.dev/,https://raw.githubusercontent.com/openphish/public_feed/refs/heads/main/feed.txt
https://club.evergreenfin.ltd/,https://raw.githubusercontent.com/openphish/public_feed/refs/heads/main/feed.txt
http://mtoken.online/download,https://raw.githubusercontent.com/openphish/public_feed/refs/heads/main/feed.txt
https://www.roblox.com.mu/users/5932582505/profile,https://raw.githubusercontent.com/openphish/public_feed/refs/heads/main/feed.txt
https://s4w.in/www-roblox-com-users-5932582505-profile,https://raw.githubusercontent.com/openphish/public_feed/refs/heads/main/feed.txt
https://armt.cloud/users/sign_in,https://raw.githubusercontent.com/openphish/public_feed/refs/heads/main/feed.txt
https://armt.cloud/devices/002704486041,https://raw.githubusercontent.com/openphish/public_feed/refs/heads/main/feed.txt
https://fb-meta-verified-68149.vercel.app/,https://raw.githubusercontent.com/openphish/public_feed/refs/heads/main/feed.txt
https://www.fb-meta-verified-68149.vercel.app/,https://raw.githubusercontent.com/openphish/public_feed/refs/heads/main/feed.txt
https://anuragverma43.github.io/amazon-clone,https://raw.githubusercontent.com/openphish/public_feed/refs/heads/main/feed.txt
https://labelportal.camcode.com/,https://raw.githubusercontent.com/openphish/public_feed/refs/heads/main/feed.txt
http://www.site-ma-ga-zine-luiza.com/site-ma-ga-zine-luiza.com/produto/ar-condicionado-split-inverter-9000-btus-airvolution-springer-midea-frio/,https://raw.githubusercontent.com/openphish/public_feed/refs/heads/main/feed.txt
https://abinav1608.github.io/google-signin/,https://raw.githubusercontent.com/openphish/public_feed/refs/heads/main/feed.txt
https://qavzuro-mpt-nelvaki-s5h8qu73.pages.dev/send_appeal_request,https://raw.githubusercontent.com/openphish/public_feed/refs/heads/main/feed.txt
http://security-server-landing-page--ikramkhan83.replit.app/,https://raw.githubusercontent.com/openphish/public_feed/refs/heads/main/feed.txt
https://www.roblox.com.hr/users/6058818144/profile,https://raw.githubusercontent.com/openphish/public_feed/refs/heads/main/feed.txt
https://www.roblox.com.hr/communities/7023136052/Murder-Mystery-2-Community-Support,https://raw.githubusercontent.com/openphish/public_feed/refs/heads/main/feed.txt
https://siyabhatia05.github.io/clone-netflix/,https://raw.githubusercontent.com/openphish/public_feed/refs/heads/main/feed.txt
https://gejmini-logii.godaddysites.com/,https://raw.githubusercontent.com/openphish/public_feed/refs/heads/main/feed.txt
http://www.gejmini-logii.godaddysites.com/,https://raw.githubusercontent.com/openphish/public_feed/refs/heads/main/feed.txt
https://bantuann-dana-care.webcare.web.id/,https://raw.githubusercontent.com/openphish/public_feed/refs/heads/main/feed.txt
http://wages-possess-monsters-decor.trycloudflare.com/,https://raw.githubusercontent.com/openphish/public_feed/refs/heads/main/feed.txt
http://www.brockconstructions.com/images/1024/18752116/,https://raw.githubusercontent.com/openphish/public_feed/refs/heads/main/feed.txt
http://www.business-ia.fr/dynamips/,https://raw.githubusercontent.com/openphish/public_feed/refs/heads/main/feed.txt
http://www.colegiocunhacarvalho.com.br/sundvickmorinland/gdocdallassundvick.html,https://raw.githubusercontent.com/openphish/public_feed/refs/heads/main/feed.txt
http://ww547.shopbidaithanroblox.com/?tkn=19vnMT3S,https://raw.githubusercontent.com/openphish/public_feed/refs/heads/main/feed.txt
http://www.owaexchange.com/owa/,https://raw.githubusercontent.com/openphish/public_feed/refs/heads/main/feed.txt
http://www.maranhaoimoveis.com/wp-policy.html,https://raw.githubusercontent.com/openphish/public_feed/refs/heads/main/feed.txt
http://www.visaobraganca.top/shop/,https://raw.githubusercontent.com/openphish/public_feed/refs/heads/main/feed.txt
http://www.security-messenger-notification-team.jo3.org/login/,https://raw.githubusercontent.com/openphish/public_feed/refs/heads/main/feed.txt
http://www.marzolaservice.com.br/bbrown/tcnf.legal.html,https://raw.githubusercontent.com/openphish/public_feed/refs/heads/main/feed.txt
http://www.olepetterottersen.com/ecc53e9c-1316-4321-9377-c209676f720c/,https://raw.githubusercontent.com/openphish/public_feed/refs/heads/main/feed.txt
http://www.reynvoetbouw.eu/Docusign/Windows/utility.php,https://raw.githubusercontent.com/openphish/public_feed/refs/heads/main/feed.txt
http://www.blumenmotos.cl/grtrubber/chriscable.html,https://raw.githubusercontent.com/openphish/public_feed/refs/heads/main/feed.txt
http://www.sevenstarmm.com/rfp/doc.html,https://raw.githubusercontent.com/openphish/public_feed/refs/heads/main/feed.txt
http://store.communitydevsort.shop/workshop/Brassbounds-Fury/,https://raw.githubusercontent.com/openphish/public_feed/refs/heads/main/feed.txt
http://sell.tik-tokworldwide.com/home/,https://raw.githubusercontent.com/openphish/public_feed/refs/heads/main/feed.txt
http://s.teamyk.com/lp/sst-cgj/fwjfhufw/,https://raw.githubusercontent.com/openphish/public_feed/refs/heads/main/feed.txt
http://www.camisasdecolores.net/Office/onedrive-verify-obf.html,https://raw.githubusercontent.com/openphish/public_feed/refs/heads/main/feed.txt
http://store.communitystudionitem.shop/workshop/AWP-AncientHeritage/,https://raw.githubusercontent.com/openphish/public_feed/refs/heads/main/feed.txt
https://lk.1x-bet.mobi/en/block,https://raw.githubusercontent.com/openphish/public_feed/refs/heads/main/feed.txt
https://lk.1x-bet.mobi/,https://raw.githubusercontent.com/openphish/public_feed/refs/heads/main/feed.txt
http://bx.wsapbfy.net/leona.denesha/tessere.html,https://raw.githubusercontent.com/openphish/public_feed/refs/heads/main/feed.txt
http://capitone.ryshx.com/,https://raw.githubusercontent.com/openphish/public_feed/refs/heads/main/feed.txt
http://97zz1.casmex.at/cnbcard/pinactiv.php,https://raw.githubusercontent.com/openphish/public_feed/refs/heads/main/feed.txt
https://1xlite-12947.pro/en/block,https://raw.githubusercontent.com/openphish/public_feed/refs/heads/main/feed.txt
http://www.1xlite-12947.pro/en/,https://raw.githubusercontent.com/openphish/public_feed/refs/heads/main/feed.txt
http://showroom.ebaymotorspro.co.uk/iMv-MOTORS-LTD/,https://raw.githubusercontent.com/openphish/public_feed/refs/heads/main/feed.txt
http://bbva-hiring-paperless.appspot.com/crear-cuenta/,https://raw.githubusercontent.com/openphish/public_feed/refs/heads/main/feed.txt
http://uuttuu-2026.free.nf/utu.htm,https://raw.githubusercontent.com/openphish/public_feed/refs/heads/main/feed.txt
https://www.roblox.com.ml/users/186279419962/profile,https://raw.githubusercontent.com/openphish/public_feed/refs/heads/main/feed.txt
https://iron-knoll-eef1.1lfi.workers.dev/0xni4jtr2565t4zxxg4k/g4n42yccfgg59var2c2JvL2d4dWp4aWpzZHNvdC9rcXBvc2F1dnFtL2FidXNlL3djdHRwcG1kYnhxdG5qZ3VibHl0Z2lnbHcvc2JjZ2xvYmFsLm5ldC9jc29qbGl5cm95Z2RtcWNlaQ==/MTc0LjE5Mi42OC4yMDk=,https://raw.githubusercontent.com/openphish/public_feed/refs/heads/main/feed.txt
https://iron-knoll-eef1.1lfi.workers.dev/fwwjr2niid5127pfzfho/x4xpyiwgb11n6var2c2JvL3F1bXZsZG9tcnVxby9yYnZubXV0ZWRjL2FidXNlL216YnN4dWpyZGdyZ2RjcWVyZHl2eXB2Y2cvc2JjZ2xvYmFsLm5ldC9rdXRuY2FrYmFiYXphYXhqdw==/NS4xODEuMjM0LjEzMg==,https://raw.githubusercontent.com/openphish/public_feed/refs/heads/main/feed.txt
https://s4w.in/roblox-com-users-8614733823-profile,https://raw.githubusercontent.com/openphish/public_feed/refs/heads/main/feed.txt
http://security-server-landing-page--wesselg1.replit.app/,https://raw.githubusercontent.com/openphish/public_feed/refs/heads/main/feed.txt
http://www.metamaskwallett.blogspot.com/,https://raw.githubusercontent.com/openphish/public_feed/refs/heads/main/feed.txt
http://security-server-page--copydada27.replit.app/,https://raw.githubusercontent.com/openphish/public_feed/refs/heads/main/feed.txt
https://www.es.uevangelica.edu.ar/,https://raw.githubusercontent.com/openphish/public_feed/refs/heads/main/feed.txt
https://syncthomaspatricktarmeytrustwallet-en.pages.dev/?user=6.298763283690829e+27,https://raw.githubusercontent.com/openphish/public_feed/refs/heads/main/feed.txt
https://dipendramca-cell.github.io/Amazon-Clone/,https://raw.githubusercontent.com/openphish/public_feed/refs/heads/main/feed.txt
https://accountassistcenter.vercel.app/privacy-centers.html,https://raw.githubusercontent.com/openphish/public_feed/refs/heads/main/feed.txt
http://decisions-isle-intended-cartridges.trycloudflare.com/,https://raw.githubusercontent.com/openphish/public_feed/refs/heads/main/feed.txt
https://xmanips.github.io/amazon-website/,https://raw.githubusercontent.com/openphish/public_feed/refs/heads/main/feed.txt
https://promodagazine.com/produto/2388381,https://raw.githubusercontent.com/openphish/public_feed/refs/heads/main/feed.txt
https://promodagazine.com/produto/3931598,https://raw.githubusercontent.com/openphish/public_feed/refs/heads/main/feed.txt
https://promodagazine.com/produto/6044496,https://raw.githubusercontent.com/openphish/public_feed/refs/heads/main/feed.txt
https://obterrdescontoss-app.com/produto/4739264,https://raw.githubusercontent.com/openphish/public_feed/refs/heads/main/feed.txt
https://promegazine.com/produto/3039776,https://raw.githubusercontent.com/openphish/public_feed/refs/heads/main/feed.txt
https://hotm.io/SdUV95,https://raw.githubusercontent.com/openphish/public_feed/refs/heads/main/feed.txt
https://promegazine.com/produto/8386581,https://raw.githubusercontent.com/openphish/public_feed/refs/heads/main/feed.txt
https://promogazinee.com/produto/8135835?fbclid&#61,https://raw.githubusercontent.com/openphish/public_feed/refs/heads/main/feed.txt
https://fgenerftion.click/,https://raw.githubusercontent.com/openphish/public_feed/refs/heads/main/feed.txt
http://loginsecurde4-dpqom26teqv9.edgeone.dev/,https://raw.githubusercontent.com/openphish/public_feed/refs/heads/main/feed.txt
https://gemihlogin.godaddysites.com/,https://raw.githubusercontent.com/openphish/public_feed/refs/heads/main/feed.txt
http://www.gemihlogin.godaddysites.com/,https://raw.githubusercontent.com/openphish/public_feed/refs/heads/main/feed.txt
https://pscriven.com/zimaxx/VerificationinProgress.html,https://raw.githubusercontent.com/openphish/public_feed/refs/heads/main/feed.txt
https://www.roblox.ly/games/16732694052/Fisch-JOURNAL?privateServerLinkCode=24193556967776564620805617415858,https://raw.githubusercontent.com/openphish/public_feed/refs/heads/main/feed.txt
http://www.auth2.evergreenfin.ltd/,https://raw.githubusercontent.com/openphish/public_feed/refs/heads/main/feed.txt
https://iwuaawdjdwja.com/login.php/,https://raw.githubusercontent.com/openphish/public_feed/refs/heads/main/feed.txt
http://topup.en-coda.shop/,https://raw.githubusercontent.com/openphish/public_feed/refs/heads/main/feed.txt
http://mail.topup.en-coda.shop/,https://raw.githubusercontent.com/openphish/public_feed/refs/heads/main/feed.txt
https://davidprivateaccount.github.io/onlineaccess.org/login.html,https://raw.githubusercontent.com/openphish/public_feed/refs/heads/main/feed.txt
http://d131b80a-9b6a-4719-a4fd-b2f7beaa9c33-00-tyex5w8ljwxl.riker.replit.dev/,https://raw.githubusercontent.com/openphish/public_feed/refs/heads/main/feed.txt
https://mtoken.org.uk/download,https://raw.githubusercontent.com/openphish/public_feed/refs/heads/main/feed.txt
https://1url.at/www/robloxcom-users-274137482473-profile,https://raw.githubusercontent.com/openphish/public_feed/refs/heads/main/feed.txt
http://www.kucoin9.com/,https://raw.githubusercontent.com/openphish/public_feed/refs/heads/main/feed.txt
https://hctklcmczr.webflow.io/,https://raw.githubusercontent.com/openphish/public_feed/refs/heads/main/feed.txt
http://alturl.com/bac65,https://raw.githubusercontent.com/openphish/public_feed/refs/heads/main/feed.txt
https://zeexpress24.shop/,https://raw.githubusercontent.com/openphish/public_feed/refs/heads/main/feed.txt
http://www.adfs.evergreenfin.ltd/,https://raw.githubusercontent.com/openphish/public_feed/refs/heads/main/feed.txt
https://meta-verified-blueticks-fb15.vercel.app/privacy-centers.html/,https://raw.githubusercontent.com/openphish/public_feed/refs/heads/main/feed.txt
https://no-reply.mail-seguro.com/5b929083,https://raw.githubusercontent.com/openphish/public_feed/refs/heads/main/feed.txt
http://link.mail-seguro.com/ls/click?upn=u001.QFu7GWHKHfp5Adcw3kjS05PDwe4n-2BI2b4d7kW2cUj9bTKS1fLrw9DkHladu78P8BdKq1WRhMi9wJAxlQd2oKDA-3D-3D7p4__DwrG4LBWS6KRBSYQshmfWnHMWV7ek7cathQBE-2BCDbUtKYMXp4kqNFV8zTMabi4Zle8Zzr1CaOEZViYUTUWn4ar0Vpc2cmu89af0jy4yBn3HAxi7TcvItQEtbI7karr7-2BDpSrZ8WyOauxfRtiqb6nTttQ-2FnOhPekVuHvOlGbPGZgPCIQJ-2FTWcJxcJX5-2BiPhG2heEuRxLTBhx3mtP62jmtP48kAgGugsq79nWEcxgzzOLYP6lUJibxCM-2BCdQ6SVm-2FchGCePtjDlTXQKwfOuxdhcqURQgbkiEFn-2B6-2FcAYCp-2FWyO453nZRkF28cQf6zfVmEoWcYwfUuUypcxObKJhPEFGPGv06bk1Z-2FKpvkxHzSvMCM-3D,https://raw.githubusercontent.com/openphish/public_feed/refs/heads/main/feed.txt
https://www.im-tokens.lat/,https://raw.githubusercontent.com/openphish/public_feed/refs/heads/main/feed.txt
https://www.roblox.com.am/users/465,https://raw.githubusercontent.com/openphish/public_feed/refs/heads/main/feed.txt
https://www.auction.evergreenfin.ltd/,https://raw.githubusercontent.com/openphish/public_feed/refs/heads/main/feed.txt
http://www.authlogin.evergreenfin.ltd/,https://raw.githubusercontent.com/openphish/public_feed/refs/heads/main/feed.txt
https://www.kuqqvoiinlgin.godaddysites.com/,https://raw.githubusercontent.com/openphish/public_feed/refs/heads/main/feed.txt
http://www.aad.evergreenfin.ltd/,https://raw.githubusercontent.com/openphish/public_feed/refs/heads/main/feed.txt
https://lamail7.godaddysites.com/,https://raw.githubusercontent.com/openphish/public_feed/refs/heads/main/feed.txt
https://www.lamail7.godaddysites.com/,https://raw.githubusercontent.com/openphish/public_feed/refs/heads/main/feed.txt
https://auth-ledgrelive-net.wasmer.app/,https://raw.githubusercontent.com/openphish/public_feed/refs/heads/main/feed.txt
http://npost.cafe/,https://raw.githubusercontent.com/openphish/public_feed/refs/heads/main/feed.txt
https://davidprivateaccount.github.io/onlineaccess.org/,https://raw.githubusercontent.com/openphish/public_feed/refs/heads/main/feed.txt
http://davidprivateaccount.github.io/onlineaccess.org,https://raw.githubusercontent.com/openphish/public_feed/refs/heads/main/feed.txt
https://vantagempag.sbs/,https://raw.githubusercontent.com/openphish/public_feed/refs/heads/main/feed.txt
http://www.au.evergreenfin.ltd/,https://raw.githubusercontent.com/openphish/public_feed/refs/heads/main/feed.txt
http://www.roblox.ly/users/6551950164/profile/,https://raw.githubusercontent.com/openphish/public_feed/refs/heads/main/feed.txt
http://www.roblox.com.hr/users/9890626972/profile/,https://raw.githubusercontent.com/openphish/public_feed/refs/heads/main/feed.txt
https://www.roblox.com.bi/games/75019638669722/Super-Sushi-Extreme?privateServerLinkCode=14633011511825217025565959325881,https://raw.githubusercontent.com/openphish/public_feed/refs/heads/main/feed.txt
https://metamaskwallett.blogspot.com/,https://raw.githubusercontent.com/openphish/public_feed/refs/heads/main/feed.txt
http://tiny.cc/diga101,https://raw.githubusercontent.com/openphish/public_feed/refs/heads/main/feed.txt
http://roblox.com.hr/communities/8100846457/hrClothes,https://raw.githubusercontent.com/openphish/public_feed/refs/heads/main/feed.txt
http://tiny.cc/t2ga101,https://raw.githubusercontent.com/openphish/public_feed/refs/heads/main/feed.txt
http://www.xinfinitycommunication.weebly.com/,https://raw.githubusercontent.com/openphish/public_feed/refs/heads/main/feed.txt
https://lntermaticoportal.online/,https://raw.githubusercontent.com/openphish/public_feed/refs/heads/main/feed.txt
https://op.lepiceriedestoits.com/kirby,https://raw.githubusercontent.com/openphish/public_feed/refs/heads/main/feed.txt
https://s.itsupportorganization.com/files-14/a1809c/f392421b-7e3f-4f36-8cf6-bb7cc014d14f,https://raw.githubusercontent.com/openphish/public_feed/refs/heads/main/feed.txt
https://www.roblox.com.bi/games/109715918987082/NEW-UPD-Anime-Stars-Card-Collection?privateServerLinkCode=81776722292163318798431500962836&game_id=109715918987082&game_name=NEW-UPD-Anime-Stars-Card-Collection,https://raw.githubusercontent.com/openphish/public_feed/refs/heads/main/feed.txt
https://https-vww-roblox.com/login?returnUrl=1543493810,https://raw.githubusercontent.com/openphish/public_feed/refs/heads/main/feed.txt
https://blockfii--logi.godaddysites.com/,https://raw.githubusercontent.com/openphish/public_feed/refs/heads/main/feed.txt
http://www.blockfii--logi.godaddysites.com/,https://raw.githubusercontent.com/openphish/public_feed/refs/heads/main/feed.txt
https://www.usmatamesklogi.godaddysites.com/,https://raw.githubusercontent.com/openphish/public_feed/refs/heads/main/feed.txt
https://help-suite-tzore.typedream.app/,https://raw.githubusercontent.com/openphish/public_feed/refs/heads/main/feed.txt
https://www.metaamassklogeen.godaddysites.com/,https://raw.githubusercontent.com/openphish/public_feed/refs/heads/main/feed.txt
http://www.connectxfinitysignin.weebly.com/,https://raw.githubusercontent.com/openphish/public_feed/refs/heads/main/feed.txt
http://kucoin-referral-code-pt.vercel.app/,https://raw.githubusercontent.com/openphish/public_feed/refs/heads/main/feed.txt
https://9000-firebase-anf-1781589572311.cluster-r7kbxfo3fnev2vskbkhhphetq6.cloudworkstations.dev/?monospaceUid=612958,https://raw.githubusercontent.com/openphish/public_feed/refs/heads/main/feed.txt
https://logon-apps-ndaxcdn.framer.website/,https://raw.githubusercontent.com/openphish/public_feed/refs/heads/main/feed.txt
https://dupal.cl/-/@rubas/,https://raw.githubusercontent.com/openphish/public_feed/refs/heads/main/feed.txt
https://www.jipacsja.vercel.app/,https://raw.githubusercontent.com/openphish/public_feed/refs/heads/main/feed.txt
https://www.roblox.com.bn/users/642472210235/profile,https://raw.githubusercontent.com/openphish/public_feed/refs/heads/main/feed.txt
https://g5.lu/2mwya,https://raw.githubusercontent.com/openphish/public_feed/refs/heads/main/feed.txt
http://www.viewdetail1109yvsaxq.growthcrm-platf.com/public/index?ref=business-support-center-DASDFDSYUYEE43FJDSHFSDFsetting%25popup%3fclient_id=889943718806-ual26tplnot2ea8b7n5t4p77keo8eb,https://raw.githubusercontent.com/openphish/public_feed/refs/heads/main/feed.txt
http://www.viewdetail1109yvsaxq.growthcrm-platf.com/,https://raw.githubusercontent.com/openphish/public_feed/refs/heads/main/feed.txt
http://www.email-update-comcast.weebly.com/,https://raw.githubusercontent.com/openphish/public_feed/refs/heads/main/feed.txt
https://8s7q0g-qw644c24y-mbtz1k9p8m2-fsgc.pages.dev/welcome_aboard,https://raw.githubusercontent.com/openphish/public_feed/refs/heads/main/feed.txt
http://6267261.sbs/,https://raw.githubusercontent.com/openphish/public_feed/refs/heads/main/feed.txt
http://www.xfinitymailid.weebly.com/,https://raw.githubusercontent.com/openphish/public_feed/refs/heads/main/feed.txt
http://www.xfinity-mail-id.weebly.com/,https://raw.githubusercontent.com/openphish/public_feed/refs/heads/main/feed.txt
https://le-registre-societes-francaises.fr/,https://raw.githubusercontent.com/openphish/public_feed/refs/heads/main/feed.txt
