dest,root_domain,metadata_comment,metadata_severity
*.1rpc.io,1rpc.io,"Collapsed from 2 specific hosts (1rpc.io, 1rpc.io). Blocks any future sibling on the same apex without a list update. Collateral: no known non-RPC content on this apex. HIGH: one wildcard fronts dozens of chains including Polygon and BSC, so this stays a working C2 retrieval path after the named IOCs rotate. Malware needs only one reachable provider. Most likely tier to break legitimate dev/finance work - check before enforcing.",critical
bsc-testnet.4everland.org,4everland.org,"BSC testnet via 4EVERLAND. CRITICAL: this is the live campaign. Netskope (3 Sep 2026) counted 5,400+ compromised sites across 2,200+ organizations beaconing BSC testnet RPC, 300+ new sites every weekday and still climbing. Testnet BNB is free from faucets, so contract hosting costs the operator nothing. Netskope's explicit guidance is to block the FULL testnet pool, not just the primary endpoint.",critical
*.binance.org,binance.org,"Collapsed from 11 specific hosts (bsc-dataseed.binance.org, bsc-dataseed1.binance.org, bsc-dataseed2.binance.org, ...). Blocks any future sibling on the same apex without a list update. Collateral: apex is legacy Binance Chain, not binance.com - low collateral. CRITICAL: this is the live campaign. Netskope (3 Sep 2026) counted 5,400+ compromised sites across 2,200+ organizations beaconing BSC testnet RPC, 300+ new sites every weekday and still climbing. Testnet BNB is free from faucets, so contract hosting costs the operator nothing. Netskope's explicit guidance is to block the FULL testnet pool, not just the primary endpoint.",critical
*.bnbchain.org,bnbchain.org,"Collapsed from 13 specific hosts (bsc-dataseed1.bnbchain.org, bsc-dataseed2.bnbchain.org, bsc-dataseed3.bnbchain.org, ...). Blocks any future sibling on the same apex without a list update. Collateral: apex also serves BNB Chain docs and the testnet faucet - blocking the faucet is a bonus, not a cost. CRITICAL: this is the live campaign. Netskope (3 Sep 2026) counted 5,400+ compromised sites across 2,200+ organizations beaconing BSC testnet RPC, 300+ new sites every weekday and still climbing. Testnet BNB is free from faucets, so contract hosting costs the operator nothing. Netskope's explicit guidance is to block the FULL testnet pool, not just the primary endpoint.",critical
*.bscscan.com,bscscan.com,"Collapsed from 3 specific hosts (api-testnet.bscscan.com, api.bscscan.com, testnet.bscscan.com). Blocks any future sibling on the same apex without a list update. Collateral: apex also serves the explorer web UI - EXEMPT SOC. CRITICAL: this is the live campaign. Netskope (3 Sep 2026) counted 5,400+ compromised sites across 2,200+ organizations beaconing BSC testnet RPC, 300+ new sites every weekday and still climbing. Testnet BNB is free from faucets, so contract hosting costs the operator nothing. Netskope's explicit guidance is to block the FULL testnet pool, not just the primary endpoint.",critical
*.48.club,48.club,"Collapsed from 2 specific hosts (koge-rpc-bsc.48.club, rpc-bsc.48.club). Blocks any future sibling on the same apex without a list update. Collateral: no known non-RPC content on this apex. HIGH: BSC is where EtherHiding originated (UNC5142, 2023) and was adopted by DPRK and Iran-linked actors. This is a proven, currently-abused C2 read path, not theoretical.",high
*.alchemy.com,alchemy.com,"Alchemy RPC; wildcard also blocks docs and dashboard. HIGH: one wildcard fronts dozens of chains including Polygon and BSC, so this stays a working C2 retrieval path after the named IOCs rotate. Malware needs only one reachable provider. Most likely tier to break legitimate dev/finance work - check before enforcing.",high
*.alchemyapi.io,alchemyapi.io,"Alchemy legacy domain. HIGH: one wildcard fronts dozens of chains including Polygon and BSC, so this stays a working C2 retrieval path after the named IOCs rotate. Malware needs only one reachable provider. Most likely tier to break legitimate dev/finance work - check before enforcing.",high
*.allthatnode.com,allthatnode.com,"All That Node multi-chain RPC (ChainUp). HIGH: one wildcard fronts dozens of chains including Polygon and BSC, so this stays a working C2 retrieval path after the named IOCs rotate. Malware needs only one reachable provider. Most likely tier to break legitimate dev/finance work - check before enforcing.",high
*.ankr.com,ankr.com,"Multi-chain public RPC; wildcard also blocks marketing site. HIGH: one wildcard fronts dozens of chains including Polygon and BSC, so this stays a working C2 retrieval path after the named IOCs rotate. Malware needs only one reachable provider. Most likely tier to break legitimate dev/finance work - check before enforcing.",high
*.aptoslabs.com,aptoslabs.com,"Collapsed from 3 specific hosts (fullnode.mainnet.aptoslabs.com, api.mainnet.aptoslabs.com, rpc.mainnet.aptoslabs.com). Blocks any future sibling on the same apex without a list update. Collateral: no known non-RPC content on this apex. HIGH: named as the staging layer in the same three-layer Tron/BSC/Aptos dead drop. Rarely covered by blocklists, minimal legitimate enterprise use - low false positive cost.",high
*.arbitrum.io,arbitrum.io,"Collapsed from 3 specific hosts (arb1.arbitrum.io, nova.arbitrum.io, sepolia-rollup.arbitrum.io). Blocks any future sibling on the same apex without a list update. Collateral: apex also serves the Arbitrum bridge and docs. HIGH: testnet abuse is confirmed - Trend Micro (May 2026) documented ClearFake routing payloads through BSC testnet contracts. Testnet gas is free, so operating cost is zero, and most corporate blocklists omit testnets entirely. That gap is exactly why it gets used. Low business impact outside dev/QA teams.",high
api.avax-test.network,avax-test.network,"Avalanche Fuji testnet RPC. HIGH: testnet abuse is confirmed - Trend Micro (May 2026) documented ClearFake routing payloads through BSC testnet contracts. Testnet gas is free, so operating cost is zero, and most corporate blocklists omit testnets entirely. That gap is exactly why it gets used. Low business impact outside dev/QA teams.",high
*.base.org,base.org,"Collapsed from 2 specific hosts (mainnet.base.org, sepolia.base.org). Blocks any future sibling on the same apex without a list update. Collateral: apex also serves Base docs and the bridge. HIGH: testnet abuse is confirmed - Trend Micro (May 2026) documented ClearFake routing payloads through BSC testnet contracts. Testnet gas is free, so operating cost is zero, and most corporate blocklists omit testnets entirely. That gap is exactly why it gets used. Low business impact outside dev/QA teams.",high
*.bdnodes.net,bdnodes.net,"Blockdaemon node domain. HIGH: one wildcard fronts dozens of chains including Polygon and BSC, so this stays a working C2 retrieval path after the named IOCs rotate. Malware needs only one reachable provider. Most likely tier to break legitimate dev/finance work - check before enforcing.",high
*.blastapi.io,blastapi.io,"Bware Labs multi-chain RPC. HIGH: one wildcard fronts dozens of chains including Polygon and BSC, so this stays a working C2 retrieval path after the named IOCs rotate. Malware needs only one reachable provider. Most likely tier to break legitimate dev/finance work - check before enforcing.",high
*.blockdaemon.com,blockdaemon.com,"Blockdaemon node infrastructure. HIGH: one wildcard fronts dozens of chains including Polygon and BSC, so this stays a working C2 retrieval path after the named IOCs rotate. Malware needs only one reachable provider. Most likely tier to break legitimate dev/finance work - check before enforcing.",high
*.blockeden.xyz,blockeden.xyz,"BlockEden multi-chain RPC. HIGH: one wildcard fronts dozens of chains including Polygon and BSC, so this stays a working C2 retrieval path after the named IOCs rotate. Malware needs only one reachable provider. Most likely tier to break legitimate dev/finance work - check before enforcing.",high
*.blockjoy.com,blockjoy.com,"BlockJoy node hosting. HIGH: one wildcard fronts dozens of chains including Polygon and BSC, so this stays a working C2 retrieval path after the named IOCs rotate. Malware needs only one reachable provider. Most likely tier to break legitimate dev/finance work - check before enforcing.",high
*.blockpi.network,blockpi.network,"BlockPI multi-chain RPC. HIGH: one wildcard fronts dozens of chains including Polygon and BSC, so this stays a working C2 retrieval path after the named IOCs rotate. Malware needs only one reachable provider. Most likely tier to break legitimate dev/finance work - check before enforcing.",high
*.blxrbdn.com,blxrbdn.com,"bloXroute RPC and MEV relay. HIGH: one wildcard fronts dozens of chains including Polygon and BSC, so this stays a working C2 retrieval path after the named IOCs rotate. Malware needs only one reachable provider. Most likely tier to break legitimate dev/finance work - check before enforcing.",high
sns-sdk-proxy.bonfida.workers.dev,bonfida.workers.dev,"Bonfida SNS resolution proxy. HIGH: blockchain naming proxies resolve .sol and .eth names for browsers that cannot do it natively. Darktrace observed blackice.sol-domain[.]org used as a C2 dead drop after a compromised eScan update. Very low false positive rate - almost no business reason to resolve a .sol name, so a hit is close to self-evident.",high
builder0x69.io,builder0x69.io,"Ethereum block builder RPC. HIGH: GTIG and Picus both name Ethereum alongside BSC as a chain actively used for EtherHiding. Upgraded from medium on that basis - reading contract state costs no gas, so the mainnet fee argument does not deter attackers on the read path.",high
matic-mainnet-full-rpc.bwarelabs.com,bwarelabs.com,"Polygon RPC via Bware Labs. HIGH: Polygon is the chain used by this campaign. Not a named IOC, but the same contracts are readable through any Polygon endpoint, so this is a direct substitute for the blocked ones.",high
*.callstaticrpc.com,callstaticrpc.com,"CallStatic public RPC. HIGH: one wildcard fronts dozens of chains including Polygon and BSC, so this stays a working C2 retrieval path after the named IOCs rotate. Malware needs only one reachable provider. Most likely tier to break legitimate dev/finance work - check before enforcing.",high
*.chainbase.online,chainbase.online,"Chainbase data and RPC. HIGH: one wildcard fronts dozens of chains including Polygon and BSC, so this stays a working C2 retrieval path after the named IOCs rotate. Malware needs only one reachable provider. Most likely tier to break legitimate dev/finance work - check before enforcing.",high
*.chainnodes.org,chainnodes.org,"ChainNodes RPC provider. HIGH: one wildcard fronts dozens of chains including Polygon and BSC, so this stays a working C2 retrieval path after the named IOCs rotate. Malware needs only one reachable provider. Most likely tier to break legitimate dev/finance work - check before enforcing.",high
*.chainstacklabs.com,chainstacklabs.com,"Chainstack public endpoints. HIGH: one wildcard fronts dozens of chains including Polygon and BSC, so this stays a working C2 retrieval path after the named IOCs rotate. Malware needs only one reachable provider. Most likely tier to break legitimate dev/finance work - check before enforcing.",high
*.chainup.com,chainup.com,"ChainUp node infrastructure. HIGH: one wildcard fronts dozens of chains including Polygon and BSC, so this stays a working C2 retrieval path after the named IOCs rotate. Malware needs only one reachable provider. Most likely tier to break legitimate dev/finance work - check before enforcing.",high
cloudflare-eth.com,cloudflare-eth.com,"Ethereum public RPC via Cloudflare. HIGH: GTIG and Picus both name Ethereum alongside BSC as a chain actively used for EtherHiding. Upgraded from medium on that basis - reading contract state costs no gas, so the mainnet fee argument does not deter attackers on the read path.",high
*.defibit.io,defibit.io,"Collapsed from 4 specific hosts (bsc-dataseed1.defibit.io, bsc-dataseed2.defibit.io, bsc-dataseed3.defibit.io, ...). Blocks any future sibling on the same apex without a list update. Collateral: no known non-RPC content on this apex. HIGH: BSC is where EtherHiding originated (UNC5142, 2023) and was adopted by DPRK and Iran-linked actors. This is a proven, currently-abused C2 read path, not theoretical.",high
*.drpc.org,drpc.org,"Multi-chain decentralised RPC aggregator. HIGH: one wildcard fronts dozens of chains including Polygon and BSC, so this stays a working C2 retrieval path after the named IOCs rotate. Malware needs only one reachable provider. Most likely tier to break legitimate dev/finance work - check before enforcing.",high
*.dwellir.com,dwellir.com,"Dwellir RPC provider. HIGH: one wildcard fronts dozens of chains including Polygon and BSC, so this stays a working C2 retrieval path after the named IOCs rotate. Malware needs only one reachable provider. Most likely tier to break legitimate dev/finance work - check before enforcing.",high
*.envio.dev,envio.dev,"Envio HyperRPC and indexing. HIGH: one wildcard fronts dozens of chains including Polygon and BSC, so this stays a working C2 retrieval path after the named IOCs rotate. Malware needs only one reachable provider. Most likely tier to break legitimate dev/finance work - check before enforcing.",high
*.eth.limo,eth.limo,"ENS gateway subdomains. HIGH: blockchain naming proxies resolve .sol and .eth names for browsers that cannot do it natively. Darktrace observed blackice.sol-domain[.]org used as a C2 dead drop after a compromised eScan update. Very low false positive rate - almost no business reason to resolve a .sol name, so a hit is close to self-evident.",high
eth.link,eth.link,"ENS to IPFS resolution gateway. HIGH: blockchain naming proxies resolve .sol and .eth names for browsers that cannot do it natively. Darktrace observed blackice.sol-domain[.]org used as a C2 dead drop after a compromised eScan update. Very low false positive rate - almost no business reason to resolve a .sol name, so a hit is close to self-evident.",high
*.etherscan.io,etherscan.io,"Collapsed from 3 specific hosts (api-sepolia.etherscan.io, api.etherscan.io, api.optimistic.etherscan.io). Blocks any future sibling on the same apex without a list update. Collateral: apex also serves the explorer web UI - EXEMPT SOC or they lose their evidence source. HIGH: testnet abuse is confirmed - Trend Micro (May 2026) documented ClearFake routing payloads through BSC testnet contracts. Testnet gas is free, so operating cost is zero, and most corporate blocklists omit testnets entirely. That gap is exactly why it gets used. Low business impact outside dev/QA teams.",high
*.everstake.one,everstake.one,"Everstake node services. HIGH: one wildcard fronts dozens of chains including Polygon and BSC, so this stays a working C2 retrieval path after the named IOCs rotate. Malware needs only one reachable provider. Most likely tier to break legitimate dev/finance work - check before enforcing.",high
*.extrnode.com,extrnode.com,"Extrnode Solana RPC. HIGH: one wildcard fronts dozens of chains including Polygon and BSC, so this stays a working C2 retrieval path after the named IOCs rotate. Malware needs only one reachable provider. Most likely tier to break legitimate dev/finance work - check before enforcing.",high
*.figment.io,figment.io,"Figment node infrastructure. HIGH: one wildcard fronts dozens of chains including Polygon and BSC, so this stays a working C2 retrieval path after the named IOCs rotate. Malware needs only one reachable provider. Most likely tier to break legitimate dev/finance work - check before enforcing.",high
rpc.flashbots.net,flashbots.net,"Ethereum MEV-protected RPC. HIGH: GTIG and Picus both name Ethereum alongside BSC as a chain actively used for EtherHiding. Upgraded from medium on that basis - reading contract state costs no gas, so the mainnet fee argument does not deter attackers on the read path.",high
*.gashawk.io,gashawk.io,"GasHawk RPC relay. HIGH: one wildcard fronts dozens of chains including Polygon and BSC, so this stays a working C2 retrieval path after the named IOCs rotate. Malware needs only one reachable provider. Most likely tier to break legitimate dev/finance work - check before enforcing.",high
*.gateway.fm,gateway.fm,"Gateway.fm RPC provider. HIGH: one wildcard fronts dozens of chains including Polygon and BSC, so this stays a working C2 retrieval path after the named IOCs rotate. Malware needs only one reachable provider. Most likely tier to break legitimate dev/finance work - check before enforcing.",high
*.getblock.io,getblock.io,"GetBlock multi-chain RPC. HIGH: one wildcard fronts dozens of chains including Polygon and BSC, so this stays a working C2 retrieval path after the named IOCs rotate. Malware needs only one reachable provider. Most likely tier to break legitimate dev/finance work - check before enforcing.",high
*.grove.city,grove.city,"Grove gateway for Pocket Network. HIGH: one wildcard fronts dozens of chains including Polygon and BSC, so this stays a working C2 retrieval path after the named IOCs rotate. Malware needs only one reachable provider. Most likely tier to break legitimate dev/finance work - check before enforcing.",high
*.helius-rpc.com,helius-rpc.com,"Helius Solana RPC. HIGH: one wildcard fronts dozens of chains including Polygon and BSC, so this stays a working C2 retrieval path after the named IOCs rotate. Malware needs only one reachable provider. Most likely tier to break legitimate dev/finance work - check before enforcing.",high
*.infura.io,infura.io,"Infura RPC; wildcard also blocks docs and dashboard. HIGH: one wildcard fronts dozens of chains including Polygon and BSC, so this stays a working C2 retrieval path after the named IOCs rotate. Malware needs only one reachable provider. Most likely tier to break legitimate dev/finance work - check before enforcing.",high
*.instantnodes.io,instantnodes.io,"InstantNodes Solana RPC. HIGH: one wildcard fronts dozens of chains including Polygon and BSC, so this stays a working C2 retrieval path after the named IOCs rotate. Malware needs only one reachable provider. Most likely tier to break legitimate dev/finance work - check before enforcing.",high
*.ironforge.cloud,ironforge.cloud,"Ironforge Solana RPC. HIGH: one wildcard fronts dozens of chains including Polygon and BSC, so this stays a working C2 retrieval path after the named IOCs rotate. Malware needs only one reachable provider. Most likely tier to break legitimate dev/finance work - check before enforcing.",high
*.kingnodes.com,kingnodes.com,"Kingnodes Cosmos RPC. HIGH: one wildcard fronts dozens of chains including Polygon and BSC, so this stays a working C2 retrieval path after the named IOCs rotate. Malware needs only one reachable provider. Most likely tier to break legitimate dev/finance work - check before enforcing.",high
*.lava.build,lava.build,"Lava Network RPC. HIGH: one wildcard fronts dozens of chains including Polygon and BSC, so this stays a working C2 retrieval path after the named IOCs rotate. Malware needs only one reachable provider. Most likely tier to break legitimate dev/finance work - check before enforcing.",high
*.lavenderfive.com,lavenderfive.com,"Lavender.Five Cosmos RPC. HIGH: one wildcard fronts dozens of chains including Polygon and BSC, so this stays a working C2 retrieval path after the named IOCs rotate. Malware needs only one reachable provider. Most likely tier to break legitimate dev/finance work - check before enforcing.",high
*.llamarpc.com,llamarpc.com,"LlamaNodes public RPC. HIGH: one wildcard fronts dozens of chains including Polygon and BSC, so this stays a working C2 retrieval path after the named IOCs rotate. Malware needs only one reachable provider. Most likely tier to break legitimate dev/finance work - check before enforcing.",high
rpc-mainnet.matic.network,matic.network,"Polygon legacy public RPC. HIGH: Polygon is the chain used by this campaign. Not a named IOC, but the same contracts are readable through any Polygon endpoint, so this is a direct substitute for the blocked ones.",high
*.maticvigil.com,maticvigil.com,"Collapsed from 2 specific hosts (rpc-mainnet.maticvigil.com, rpc-mumbai.maticvigil.com). Blocks any future sibling on the same apex without a list update. Collateral: no known non-RPC content on this apex. HIGH: testnet abuse is confirmed - Trend Micro (May 2026) documented ClearFake routing payloads through BSC testnet contracts. Testnet gas is free, so operating cost is zero, and most corporate blocklists omit testnets entirely. That gap is exactly why it gets used. Low business impact outside dev/QA teams.",high
*.merkle.io,merkle.io,"Merkle private RPC. HIGH: one wildcard fronts dozens of chains including Polygon and BSC, so this stays a working C2 retrieval path after the named IOCs rotate. Malware needs only one reachable provider. Most likely tier to break legitimate dev/finance work - check before enforcing.",high
rpc.mevblocker.io,mevblocker.io,"Ethereum MEV-protected RPC. HIGH: GTIG and Picus both name Ethereum alongside BSC as a chain actively used for EtherHiding. Upgraded from medium on that basis - reading contract state costs no gas, so the mainnet fee argument does not deter attackers on the read path.",high
*.moralis-nodes.com,moralis-nodes.com,"Moralis node infrastructure. HIGH: one wildcard fronts dozens of chains including Polygon and BSC, so this stays a working C2 retrieval path after the named IOCs rotate. Malware needs only one reachable provider. Most likely tier to break legitimate dev/finance work - check before enforcing.",high
*.moralis.io,moralis.io,"Moralis web3 API and RPC. HIGH: one wildcard fronts dozens of chains including Polygon and BSC, so this stays a working C2 retrieval path after the named IOCs rotate. Malware needs only one reachable provider. Most likely tier to break legitimate dev/finance work - check before enforcing.",high
*.ninicoin.io,ninicoin.io,"Collapsed from 4 specific hosts (bsc-dataseed1.ninicoin.io, bsc-dataseed2.ninicoin.io, bsc-dataseed3.ninicoin.io, ...). Blocks any future sibling on the same apex without a list update. Collateral: no known non-RPC content on this apex. HIGH: BSC is where EtherHiding originated (UNC5142, 2023) and was adopted by DPRK and Iran-linked actors. This is a proven, currently-abused C2 read path, not theoretical.",high
*.nodereal.io,nodereal.io,"NodeReal RPC, heavy BSC coverage. HIGH: one wildcard fronts dozens of chains including Polygon and BSC, so this stays a working C2 retrieval path after the named IOCs rotate. Malware needs only one reachable provider. Most likely tier to break legitimate dev/finance work - check before enforcing.",high
*.nownodes.io,nownodes.io,"NOWNodes multi-chain RPC. HIGH: one wildcard fronts dozens of chains including Polygon and BSC, so this stays a working C2 retrieval path after the named IOCs rotate. Malware needs only one reachable provider. Most likely tier to break legitimate dev/finance work - check before enforcing.",high
*.omniatech.io,omniatech.io,"OMNIA multi-chain RPC. HIGH: one wildcard fronts dozens of chains including Polygon and BSC, so this stays a working C2 retrieval path after the named IOCs rotate. Malware needs only one reachable provider. Most likely tier to break legitimate dev/finance work - check before enforcing.",high
*.onfinality.io,onfinality.io,"OnFinality multi-chain RPC. HIGH: one wildcard fronts dozens of chains including Polygon and BSC, so this stays a working C2 retrieval path after the named IOCs rotate. Malware needs only one reachable provider. Most likely tier to break legitimate dev/finance work - check before enforcing.",high
*.optimism.io,optimism.io,"Collapsed from 2 specific hosts (mainnet.optimism.io, sepolia.optimism.io). Blocks any future sibling on the same apex without a list update. Collateral: apex also serves Optimism docs. HIGH: testnet abuse is confirmed - Trend Micro (May 2026) documented ClearFake routing payloads through BSC testnet contracts. Testnet gas is free, so operating cost is zero, and most corporate blocklists omit testnets entirely. That gap is exactly why it gets used. Low business impact outside dev/QA teams.",high
ton.access.orbs.network,orbs.network,"TON decentralised RPC gateway. HIGH: the TONResolver family calls get_domain on TON contracts to retrieve plaintext C2 domains, and Netskope names tonapi.io and toncenter as the specific retrieval paths. Third confirmed chain family alongside EVM and Solana.",high
*.p2pify.com,p2pify.com,"Chainstack managed endpoints. HIGH: one wildcard fronts dozens of chains including Polygon and BSC, so this stays a working C2 retrieval path after the named IOCs rotate. Malware needs only one reachable provider. Most likely tier to break legitimate dev/finance work - check before enforcing.",high
*.pokt.network,pokt.network,"Pocket Network decentralised RPC. HIGH: one wildcard fronts dozens of chains including Polygon and BSC, so this stays a working C2 retrieval path after the named IOCs rotate. Malware needs only one reachable provider. Most likely tier to break legitimate dev/finance work - check before enforcing.",high
*.polkachu.com,polkachu.com,"Polkachu Cosmos ecosystem RPC. HIGH: one wildcard fronts dozens of chains including Polygon and BSC, so this stays a working C2 retrieval path after the named IOCs rotate. Malware needs only one reachable provider. Most likely tier to break legitimate dev/finance work - check before enforcing.",high
polygon-rpc.com,polygon-rpc.com,"Polygon official public RPC. HIGH: Polygon is the chain used by this campaign. Not a named IOC, but the same contracts are readable through any Polygon endpoint, so this is a direct substitute for the blocked ones.",high
rpc-amoy.polygon.technology,polygon.technology,"Polygon Amoy testnet official RPC. HIGH: testnet abuse is confirmed - Trend Micro (May 2026) documented ClearFake routing payloads through BSC testnet contracts. Testnet gas is free, so operating cost is zero, and most corporate blocklists omit testnets entirely. That gap is exactly why it gets used. Low business impact outside dev/QA teams.",high
*.polygonscan.com,polygonscan.com,"Collapsed from 2 specific hosts (api-amoy.polygonscan.com, api.polygonscan.com). Blocks any future sibling on the same apex without a list update. Collateral: apex also serves the explorer web UI - EXEMPT SOC. HIGH: testnet abuse is confirmed - Trend Micro (May 2026) documented ClearFake routing payloads through BSC testnet contracts. Testnet gas is free, so operating cost is zero, and most corporate blocklists omit testnets entirely. That gap is exactly why it gets used. Low business impact outside dev/QA teams.",high
aptos-mainnet.pontem.network,pontem.network,"Aptos RPC via Pontem. HIGH: named as the staging layer in the same three-layer Tron/BSC/Aptos dead drop. Rarely covered by blocklists, minimal legitimate enterprise use - low false positive cost.",high
solana-api.projectserum.com,projectserum.com,"Solana public RPC. HIGH: GlassWorm uses Solana transaction memos as its dead drop - 433+ components across npm, PyPI, GitHub and OpenVSX compromised Jan-Mar 2026, with ~50 memo transactions rotating the payload URL. Retrieval is getSignaturesForAddress then getTransaction, not eth_call. CAUTION: blends perfectly with normal traffic in Solana dev environments.",high
*.publicnode.com,publicnode.com,"Multi-chain public RPC (Allnodes). HIGH: one wildcard fronts dozens of chains including Polygon and BSC, so this stays a working C2 retrieval path after the named IOCs rotate. Malware needs only one reachable provider. Most likely tier to break legitimate dev/finance work - check before enforcing.",high
*.publicnode.io,publicnode.io,"PublicNode alternate TLD. HIGH: one wildcard fronts dozens of chains including Polygon and BSC, so this stays a working C2 retrieval path after the named IOCs rotate. Malware needs only one reachable provider. Most likely tier to break legitimate dev/finance work - check before enforcing.",high
*.quicknode.pro,quicknode.pro,"QuickNode alternate domain. HIGH: one wildcard fronts dozens of chains including Polygon and BSC, so this stays a working C2 retrieval path after the named IOCs rotate. Malware needs only one reachable provider. Most likely tier to break legitimate dev/finance work - check before enforcing.",high
*.quiknode.pro,quiknode.pro,"QuickNode managed RPC endpoints. HIGH: one wildcard fronts dozens of chains including Polygon and BSC, so this stays a working C2 retrieval path after the named IOCs rotate. Malware needs only one reachable provider. Most likely tier to break legitimate dev/finance work - check before enforcing.",high
*.rockx.com,rockx.com,"RockX node services. HIGH: one wildcard fronts dozens of chains including Polygon and BSC, so this stays a working C2 retrieval path after the named IOCs rotate. Malware needs only one reachable provider. Most likely tier to break legitimate dev/finance work - check before enforcing.",high
*.rpc.tools,rpc.tools,"Generic public RPC aggregator domain. HIGH: one wildcard fronts dozens of chains including Polygon and BSC, so this stays a working C2 retrieval path after the named IOCs rotate. Malware needs only one reachable provider. Most likely tier to break legitimate dev/finance work - check before enforcing.",high
*.rpcfast.com,rpcfast.com,"RPC Fast provider. HIGH: one wildcard fronts dozens of chains including Polygon and BSC, so this stays a working C2 retrieval path after the named IOCs rotate. Malware needs only one reachable provider. Most likely tier to break legitimate dev/finance work - check before enforcing.",high
*.rpcpool.com,rpcpool.com,"Triton Solana RPC pool. HIGH: one wildcard fronts dozens of chains including Polygon and BSC, so this stays a working C2 retrieval path after the named IOCs rotate. Malware needs only one reachable provider. Most likely tier to break legitimate dev/finance work - check before enforcing.",high
api.securerpc.com,securerpc.com,"Ethereum private RPC. HIGH: GTIG and Picus both name Ethereum alongside BSC as a chain actively used for EtherHiding. Upgraded from medium on that basis - reading contract state costs no gas, so the mainnet fee argument does not deter attackers on the read path.",high
rpc.sepolia.org,sepolia.org,"Ethereum Sepolia testnet RPC. HIGH: testnet abuse is confirmed - Trend Micro (May 2026) documented ClearFake routing payloads through BSC testnet contracts. Testnet gas is free, so operating cost is zero, and most corporate blocklists omit testnets entirely. That gap is exactly why it gets used. Low business impact outside dev/QA teams.",high
*.sequence.app,sequence.app,"Sequence node gateway. HIGH: one wildcard fronts dozens of chains including Polygon and BSC, so this stays a working C2 retrieval path after the named IOCs rotate. Malware needs only one reachable provider. Most likely tier to break legitimate dev/finance work - check before enforcing.",high
*.shyft.to,shyft.to,"Shyft Solana RPC and API. HIGH: one wildcard fronts dozens of chains including Polygon and BSC, so this stays a working C2 retrieval path after the named IOCs rotate. Malware needs only one reachable provider. Most likely tier to break legitimate dev/finance work - check before enforcing.",high
*.sol-domain.org,sol-domain.org,"SNS proxy subdomains - blackice.sol-domain[.]org was the observed host. HIGH: blockchain naming proxies resolve .sol and .eth names for browsers that cannot do it natively. Darktrace observed blackice.sol-domain[.]org used as a C2 dead drop after a compromised eScan update. Very low false positive rate - almost no business reason to resolve a .sol name, so a hit is close to self-evident.",high
*.solana.com,solana.com,"Collapsed from 3 specific hosts (api.testnet.solana.com, api.mainnet-beta.solana.com, api.devnet.solana.com). Blocks any future sibling on the same apex without a list update. Collateral: apex also serves Solana docs and marketing - devs will notice. HIGH: GlassWorm uses Solana transaction memos as its dead drop - 433+ components across npm, PyPI, GitHub and OpenVSX compromised Jan-Mar 2026, with ~50 memo transactions rotating the payload URL. Retrieval is getSignaturesForAddress then getTransaction, not eth_call. CAUTION: blends perfectly with normal traffic in Solana dev environments.",high
*.stackup.sh,stackup.sh,"Stackup account-abstraction RPC. HIGH: one wildcard fronts dozens of chains including Polygon and BSC, so this stays a working C2 retrieval path after the named IOCs rotate. Malware needs only one reachable provider. Most likely tier to break legitimate dev/finance work - check before enforcing.",high
*.subquery.network,subquery.network,"SubQuery public RPC network. HIGH: one wildcard fronts dozens of chains including Polygon and BSC, so this stays a working C2 retrieval path after the named IOCs rotate. Malware needs only one reachable provider. Most likely tier to break legitimate dev/finance work - check before enforcing.",high
*.syndica.io,syndica.io,"Syndica Solana RPC. HIGH: one wildcard fronts dozens of chains including Polygon and BSC, so this stays a working C2 retrieval path after the named IOCs rotate. Malware needs only one reachable provider. Most likely tier to break legitimate dev/finance work - check before enforcing.",high
*.tatum.io,tatum.io,"Tatum multi-chain API. HIGH: one wildcard fronts dozens of chains including Polygon and BSC, so this stays a working C2 retrieval path after the named IOCs rotate. Malware needs only one reachable provider. Most likely tier to break legitimate dev/finance work - check before enforcing.",high
*.tenderly.co,tenderly.co,"Tenderly gateway plus dev tooling and dashboard. HIGH: one wildcard fronts dozens of chains including Polygon and BSC, so this stays a working C2 retrieval path after the named IOCs rotate. Malware needs only one reachable provider. Most likely tier to break legitimate dev/finance work - check before enforcing.",high
*.thirdweb.com,thirdweb.com,"thirdweb RPC; wildcard also blocks docs. HIGH: one wildcard fronts dozens of chains including Polygon and BSC, so this stays a working C2 retrieval path after the named IOCs rotate. Malware needs only one reachable provider. Most likely tier to break legitimate dev/finance work - check before enforcing.",high
*.tokenview.io,tokenview.io,"Tokenview multi-chain API. HIGH: one wildcard fronts dozens of chains including Polygon and BSC, so this stays a working C2 retrieval path after the named IOCs rotate. Malware needs only one reachable provider. Most likely tier to break legitimate dev/finance work - check before enforcing.",high
*.ton.org,ton.org,"TON official infrastructure. HIGH: the TONResolver family calls get_domain on TON contracts to retrieve plaintext C2 domains, and Netskope names tonapi.io and toncenter as the specific retrieval paths. Third confirmed chain family alongside EVM and Solana.",high
tonapi.io,tonapi.io,"TON public API. HIGH: the TONResolver family calls get_domain on TON contracts to retrieve plaintext C2 domains, and Netskope names tonapi.io and toncenter as the specific retrieval paths. Third confirmed chain family alongside EVM and Solana.",high
toncenter.com,toncenter.com,"TON public API. HIGH: the TONResolver family calls get_domain on TON contracts to retrieve plaintext C2 domains, and Netskope names tonapi.io and toncenter as the specific retrieval paths. Third confirmed chain family alongside EVM and Solana.",high
*.tonhubapi.com,tonhubapi.com,"Collapsed from 2 specific hosts (api.mainnet.tonhubapi.com, mainnet-v4.tonhubapi.com). Blocks any future sibling on the same apex without a list update. Collateral: no known non-RPC content on this apex. HIGH: the TONResolver family calls get_domain on TON contracts to retrieve plaintext C2 domains, and Netskope names tonapi.io and toncenter as the specific retrieval paths. Third confirmed chain family alongside EVM and Solana.",high
api.tron.network,tron.network,"Tron public API. HIGH: SafeDep documented a three-layer dead drop where a Tron contract holds the encrypted C2 URL, BSC carries the XOR-encrypted payload and Aptos handles staging. Tron is the resolver layer, so blocking it breaks the chain at step one.",high
*.trongrid.io,trongrid.io,"Collapsed from 2 specific hosts (api.trongrid.io, nile.trongrid.io). Blocks any future sibling on the same apex without a list update. Collateral: no known non-RPC content on this apex. HIGH: SafeDep documented a three-layer dead drop where a Tron contract holds the encrypted C2 URL, BSC carries the XOR-encrypted payload and Aptos handles staging. Tron is the resolver layer, so blocking it breaks the chain at step one.",high
api.tronstack.io,tronstack.io,"Tron public API. HIGH: SafeDep documented a three-layer dead drop where a Tron contract holds the encrypted C2 URL, BSC carries the XOR-encrypted payload and Aptos handles staging. Tron is the resolver layer, so blocking it breaks the chain at step one.",high
*.unifra.io,unifra.io,"Unifra RPC provider. HIGH: one wildcard fronts dozens of chains including Polygon and BSC, so this stays a working C2 retrieval path after the named IOCs rotate. Malware needs only one reachable provider. Most likely tier to break legitimate dev/finance work - check before enforcing.",high
*.validationcloud.io,validationcloud.io,"Validation Cloud RPC. HIGH: one wildcard fronts dozens of chains including Polygon and BSC, so this stays a working C2 retrieval path after the named IOCs rotate. Malware needs only one reachable provider. Most likely tier to break legitimate dev/finance work - check before enforcing.",high
*.zan.top,zan.top,"ZAN multi-chain RPC. HIGH: one wildcard fronts dozens of chains including Polygon and BSC, so this stays a working C2 retrieval path after the named IOCs rotate. Malware needs only one reachable provider. Most likely tier to break legitimate dev/finance work - check before enforcing.",high
*.algonode.cloud,algonode.cloud,"Algorand public node network. MEDIUM: non-EVM chain with contract or memo fields capable of holding C2 data. No observed EtherHiding use yet, included to close the substitution path if actors migrate.",medium
api.arbiscan.io,arbiscan.io,"Explorer API, Arbitrum. MEDIUM: explorer APIs return the same contract state as an RPC node, so blocking RPC without these leaves the bypass open. Downgraded from high because this is also normal analyst, TIP-enrichment and finance traffic. EXEMPT YOUR SOC before enforcing.",medium
mainnet.aurora.dev,aurora.dev,"Aurora official RPC. MEDIUM: technique is chain-agnostic and this chain is cheap enough to abuse, but no campaign is currently known to use it. Blocked for coverage - alert only with corroborating host signals.",medium
api.avax.network,avax.network,"Avalanche official RPC. MEDIUM: technique is chain-agnostic and this chain is cheap enough to abuse, but no campaign is currently known to use it. Blocked for coverage - alert only with corroborating host signals.",medium
api.basescan.org,basescan.org,"Explorer API, Base. MEDIUM: explorer APIs return the same contract state as an RPC node, so blocking RPC without these leaves the bypass open. Downgraded from high because this is also normal analyst, TIP-enrichment and finance traffic. EXEMPT YOUR SOC before enforcing.",medium
*.bitquery.io,bitquery.io,"Blockchain GraphQL data API. MEDIUM: explorer APIs return the same contract state as an RPC node, so blocking RPC without these leaves the bypass open. Downgraded from high because this is also normal analyst, TIP-enrichment and finance traffic. EXEMPT YOUR SOC before enforcing.",medium
rpc.blast.io,blast.io,"Blast official RPC. MEDIUM: technique is chain-agnostic and this chain is cheap enough to abuse, but no campaign is currently known to use it. Blocked for coverage - alert only with corroborating host signals.",medium
blockchain.info,blockchain.info,"Bitcoin explorer and API. MEDIUM: Bitcoin inscriptions and OP_RETURN can carry payloads and Ordinals tooling makes retrieval trivial. Slower and costlier than EVM, so lower priority - but a real path.",medium
api.blockcypher.com,blockcypher.com,"Multi-chain blockchain API. MEDIUM: Bitcoin inscriptions and OP_RETURN can carry payloads and Ordinals tooling makes retrieval trivial. Slower and costlier than EVM, so lower priority - but a real path.",medium
*.blockfrost.io,blockfrost.io,"Blockfrost multi-chain API. MEDIUM: non-EVM chain with contract or memo fields capable of holding C2 data. No observed EtherHiding use yet, included to close the substitution path if actors migrate.",medium
*.blockscout.com,blockscout.com,"Blockscout self-hosted instances. MEDIUM: explorer APIs return the same contract state as an RPC node, so blocking RPC without these leaves the bypass open. Downgraded from high because this is also normal analyst, TIP-enrichment and finance traffic. EXEMPT YOUR SOC before enforcing.",medium
blockstream.info,blockstream.info,"Bitcoin explorer and API. MEDIUM: Bitcoin inscriptions and OP_RETURN can carry payloads and Ordinals tooling makes retrieval trivial. Slower and costlier than EVM, so lower priority - but a real path.",medium
btcscan.org,btcscan.org,"Bitcoin explorer. MEDIUM: Bitcoin inscriptions and OP_RETURN can carry payloads and Ordinals tooling makes retrieval trivial. Slower and costlier than EVM, so lower priority - but a real path.",medium
forno.celo.org,celo.org,"Celo official RPC. MEDIUM: technique is chain-agnostic and this chain is cheap enough to abuse, but no campaign is currently known to use it. Blocked for coverage - alert only with corroborating host signals.",medium
rpc.coredao.org,coredao.org,"Core DAO official RPC. MEDIUM: technique is chain-agnostic and this chain is cheap enough to abuse, but no campaign is currently known to use it. Blocked for coverage - alert only with corroborating host signals.",medium
api.covalenthq.com,covalenthq.com,"Multi-chain data API. MEDIUM: explorer APIs return the same contract state as an RPC node, so blocking RPC without these leaves the bypass open. Downgraded from high because this is also normal analyst, TIP-enrichment and finance traffic. EXEMPT YOUR SOC before enforcing.",medium
evm.cronos.org,cronos.org,"Cronos official RPC. MEDIUM: technique is chain-agnostic and this chain is cheap enough to abuse, but no campaign is currently known to use it. Blocked for coverage - alert only with corroborating host signals.",medium
api.cronoscan.com,cronoscan.com,"Explorer API, Cronos. MEDIUM: explorer APIs return the same contract state as an RPC node, so blocking RPC without these leaves the bypass open. Downgraded from high because this is also normal analyst, TIP-enrichment and finance traffic. EXEMPT YOUR SOC before enforcing.",medium
api.dune.com,dune.com,"Blockchain analytics API. MEDIUM: explorer APIs return the same contract state as an RPC node, so blocking RPC without these leaves the bypass open. Downgraded from high because this is also normal analyst, TIP-enrichment and finance traffic. EXEMPT YOUR SOC before enforcing.",medium
rpcapi.fantom.network,fantom.network,"Fantom official RPC. MEDIUM: technique is chain-agnostic and this chain is cheap enough to abuse, but no campaign is currently known to use it. Blocked for coverage - alert only with corroborating host signals.",medium
rpc.ftm.tools,ftm.tools,"Fantom public RPC. MEDIUM: technique is chain-agnostic and this chain is cheap enough to abuse, but no campaign is currently known to use it. Blocked for coverage - alert only with corroborating host signals.",medium
api.ftmscan.com,ftmscan.com,"Explorer API, Fantom. MEDIUM: explorer APIs return the same contract state as an RPC node, so blocking RPC without these leaves the bypass open. Downgraded from high because this is also normal analyst, TIP-enrichment and finance traffic. EXEMPT YOUR SOC before enforcing.",medium
rpc.gnosischain.com,gnosischain.com,"Gnosis Chain official RPC. MEDIUM: technique is chain-agnostic and this chain is cheap enough to abuse, but no campaign is currently known to use it. Blocked for coverage - alert only with corroborating host signals.",medium
api.gnosisscan.io,gnosisscan.io,"Explorer API, Gnosis. MEDIUM: explorer APIs return the same contract state as an RPC node, so blocking RPC without these leaves the bypass open. Downgraded from high because this is also normal analyst, TIP-enrichment and finance traffic. EXEMPT YOUR SOC before enforcing.",medium
api.harmony.one,harmony.one,"Harmony official RPC. MEDIUM: technique is chain-agnostic and this chain is cheap enough to abuse, but no campaign is currently known to use it. Blocked for coverage - alert only with corroborating host signals.",medium
api.hiro.so,hiro.so,"Bitcoin and Stacks API with Ordinals data. MEDIUM: Bitcoin inscriptions and OP_RETURN can carry payloads and Ordinals tooling makes retrieval trivial. Slower and costlier than EVM, so lower priority - but a real path.",medium
public-en.node.kaia.io,kaia.io,"Kaia (ex-Klaytn) official RPC. MEDIUM: technique is chain-agnostic and this chain is cheap enough to abuse, but no campaign is currently known to use it. Blocked for coverage - alert only with corroborating host signals.",medium
api.koios.rest,koios.rest,"Cardano public API. MEDIUM: non-EVM chain with contract or memo fields capable of holding C2 data. No observed EtherHiding use yet, included to close the substitution path if actors migrate.",medium
rpc.linea.build,linea.build,"Linea official RPC. MEDIUM: technique is chain-agnostic and this chain is cheap enough to abuse, but no campaign is currently known to use it. Blocked for coverage - alert only with corroborating host signals.",medium
api.lineascan.build,lineascan.build,"Explorer API, Linea. MEDIUM: explorer APIs return the same contract state as an RPC node, so blocking RPC without these leaves the bypass open. Downgraded from high because this is also normal analyst, TIP-enrichment and finance traffic. EXEMPT YOUR SOC before enforcing.",medium
rpc.mantle.xyz,mantle.xyz,"Mantle official RPC. MEDIUM: technique is chain-agnostic and this chain is cheap enough to abuse, but no campaign is currently known to use it. Blocked for coverage - alert only with corroborating host signals.",medium
mainnet.tezos.marigold.dev,marigold.dev,"Tezos public RPC. MEDIUM: non-EVM chain with contract or memo fields capable of holding C2 data. No observed EtherHiding use yet, included to close the substitution path if actors migrate.",medium
*.mempool.space,mempool.space,"Bitcoin mempool explorer subdomains. MEDIUM: Bitcoin inscriptions and OP_RETURN can carry payloads and Ordinals tooling makes retrieval trivial. Slower and costlier than EVM, so lower priority - but a real path.",medium
rpc.metis.io,metis.io,"Metis official RPC. MEDIUM: technique is chain-agnostic and this chain is cheap enough to abuse, but no campaign is currently known to use it. Blocked for coverage - alert only with corroborating host signals.",medium
*.moonbeam.network,moonbeam.network,"Collapsed from 2 specific hosts (rpc.api.moonbeam.network, rpc.api.moonriver.moonbeam.network). Blocks any future sibling on the same apex without a list update. Collateral: no known non-RPC content on this apex. MEDIUM: technique is chain-agnostic and this chain is cheap enough to abuse, but no campaign is currently known to use it. Blocked for coverage - alert only with corroborating host signals.",medium
rpc.mainnet.near.org,near.org,"NEAR official RPC. MEDIUM: non-EVM chain with contract or memo fields capable of holding C2 data. No observed EtherHiding use yet, included to close the substitution path if actors migrate.",medium
*.nodit.io,nodit.io,"Multi-chain node and data API. MEDIUM: explorer APIs return the same contract state as an RPC node, so blocking RPC without these leaves the bypass open. Downgraded from high because this is also normal analyst, TIP-enrichment and finance traffic. EXEMPT YOUR SOC before enforcing.",medium
emerald.oasis.dev,oasis.dev,"Oasis Emerald RPC. MEDIUM: technique is chain-agnostic and this chain is cheap enough to abuse, but no campaign is currently known to use it. Blocked for coverage - alert only with corroborating host signals.",medium
rpc.mainnet.oasys.games,oasys.games,"Oasys official RPC. MEDIUM: technique is chain-agnostic and this chain is cheap enough to abuse, but no campaign is currently known to use it. Blocked for coverage - alert only with corroborating host signals.",medium
ordapi.xyz,ordapi.xyz,"Ordinals inscription API. MEDIUM: Bitcoin inscriptions and OP_RETURN can carry payloads and Ordinals tooling makes retrieval trivial. Slower and costlier than EVM, so lower priority - but a real path.",medium
*.ordinals.com,ordinals.com,"Bitcoin Ordinals subdomains. MEDIUM: Bitcoin inscriptions and OP_RETURN can carry payloads and Ordinals tooling makes retrieval trivial. Slower and costlier than EVM, so lower priority - but a real path.",medium
rpc.pulsechain.com,pulsechain.com,"PulseChain official RPC. MEDIUM: technique is chain-agnostic and this chain is cheap enough to abuse, but no campaign is currently known to use it. Blocked for coverage - alert only with corroborating host signals.",medium
rpc.scroll.io,scroll.io,"Scroll official RPC. MEDIUM: technique is chain-agnostic and this chain is cheap enough to abuse, but no campaign is currently known to use it. Blocked for coverage - alert only with corroborating host signals.",medium
api.snowtrace.io,snowtrace.io,"Explorer API, Avalanche. MEDIUM: explorer APIs return the same contract state as an RPC node, so blocking RPC without these leaves the bypass open. Downgraded from high because this is also normal analyst, TIP-enrichment and finance traffic. EXEMPT YOUR SOC before enforcing.",medium
horizon.stellar.org,stellar.org,"Stellar Horizon API. MEDIUM: non-EVM chain with contract or memo fields capable of holding C2 data. No observed EtherHiding use yet, included to close the substitution path if actors migrate.",medium
fullnode.mainnet.sui.io,sui.io,"Sui official RPC. MEDIUM: non-EVM chain with contract or memo fields capable of holding C2 data. No observed EtherHiding use yet, included to close the substitution path if actors migrate.",medium
api.tzkt.io,tzkt.io,"Tezos indexer API. MEDIUM: non-EVM chain with contract or memo fields capable of holding C2 data. No observed EtherHiding use yet, included to close the substitution path if actors migrate.",medium
zkevm-rpc.com,zkevm-rpc.com,"Polygon zkEVM official RPC. MEDIUM: technique is chain-agnostic and this chain is cheap enough to abuse, but no campaign is currently known to use it. Blocked for coverage - alert only with corroborating host signals.",medium
rpc.zora.energy,zora.energy,"Zora official RPC. MEDIUM: technique is chain-agnostic and this chain is cheap enough to abuse, but no campaign is currently known to use it. Blocked for coverage - alert only with corroborating host signals.",medium
*.4everland.io,4everland.io,"4EVERLAND subdomain gateway. LOW: block, but last in the rollout order. These gateways serve legitimate embedded images and assets on ordinary websites, so users see broken pages they cannot attribute to policy. Genuine second-stage payload risk justifies the block; poor signal-to-noise means log the hits rather than alert on them. Lowest of the enforced tiers.",low
ar-io.net,ar-io.net,"Arweave gateway network. LOW: block, but last in the rollout order. These gateways serve legitimate embedded images and assets on ordinary websites, so users see broken pages they cannot attribute to policy. Genuine second-stage payload risk justifies the block; poor signal-to-noise means log the hits rather than alert on them. Lowest of the enforced tiers.",low
*.arweave.dev,arweave.dev,"Arweave dev gateways. LOW: block, but last in the rollout order. These gateways serve legitimate embedded images and assets on ordinary websites, so users see broken pages they cannot attribute to policy. Genuine second-stage payload risk justifies the block; poor signal-to-noise means log the hits rather than alert on them. Lowest of the enforced tiers.",low
*.arweave.net,arweave.net,"Arweave subdomain gateways. LOW: block, but last in the rollout order. These gateways serve legitimate embedded images and assets on ordinary websites, so users see broken pages they cannot attribute to policy. Genuine second-stage payload risk justifies the block; poor signal-to-noise means log the hits rather than alert on them. Lowest of the enforced tiers.",low
cloudflare-ipfs.com,cloudflare-ipfs.com,"Cloudflare IPFS gateway. LOW: block, but last in the rollout order. These gateways serve legitimate embedded images and assets on ordinary websites, so users see broken pages they cannot attribute to policy. Genuine second-stage payload risk justifies the block; poor signal-to-noise means log the hits rather than alert on them. Lowest of the enforced tiers.",low
*.dweb.link,dweb.link,"IPFS subdomain-style gateway. LOW: block, but last in the rollout order. These gateways serve legitimate embedded images and assets on ordinary websites, so users see broken pages they cannot attribute to policy. Genuine second-stage payload risk justifies the block; poor signal-to-noise means log the hits rather than alert on them. Lowest of the enforced tiers.",low
ipfs.filebase.io,filebase.io,"Filebase IPFS gateway. LOW: block, but last in the rollout order. These gateways serve legitimate embedded images and assets on ordinary websites, so users see broken pages they cannot attribute to policy. Genuine second-stage payload risk justifies the block; poor signal-to-noise means log the hits rather than alert on them. Lowest of the enforced tiers.",low
infura-ipfs.io,infura-ipfs.io,"Infura IPFS gateway. LOW: block, but last in the rollout order. These gateways serve legitimate embedded images and assets on ordinary websites, so users see broken pages they cannot attribute to policy. Genuine second-stage payload risk justifies the block; poor signal-to-noise means log the hits rather than alert on them. Lowest of the enforced tiers.",low
*.ipfs.io,ipfs.io,"IPFS gateway subdomains. LOW: block, but last in the rollout order. These gateways serve legitimate embedded images and assets on ordinary websites, so users see broken pages they cannot attribute to policy. Genuine second-stage payload risk justifies the block; poor signal-to-noise means log the hits rather than alert on them. Lowest of the enforced tiers.",low
*.mypinata.cloud,mypinata.cloud,"Pinata dedicated customer gateways. LOW: block, but last in the rollout order. These gateways serve legitimate embedded images and assets on ordinary websites, so users see broken pages they cannot attribute to policy. Genuine second-stage payload risk justifies the block; poor signal-to-noise means log the hits rather than alert on them. Lowest of the enforced tiers.",low
*.nftstorage.link,nftstorage.link,"NFT.Storage subdomain gateway. LOW: block, but last in the rollout order. These gateways serve legitimate embedded images and assets on ordinary websites, so users see broken pages they cannot attribute to policy. Genuine second-stage payload risk justifies the block; poor signal-to-noise means log the hits rather than alert on them. Lowest of the enforced tiers.",low
gateway.pinata.cloud,pinata.cloud,"Pinata IPFS gateway. LOW: block, but last in the rollout order. These gateways serve legitimate embedded images and assets on ordinary websites, so users see broken pages they cannot attribute to policy. Genuine second-stage payload risk justifies the block; poor signal-to-noise means log the hits rather than alert on them. Lowest of the enforced tiers.",low
w3s.link,w3s.link,"web3.storage gateway. LOW: block, but last in the rollout order. These gateways serve legitimate embedded images and assets on ordinary websites, so users see broken pages they cannot attribute to policy. Genuine second-stage payload risk justifies the block; poor signal-to-noise means log the hits rather than alert on them. Lowest of the enforced tiers.",low
chainid.network,chainid.network,"Chain and RPC metadata directory. INFO: monitor only - do NOT block. A directory of endpoints, not a retrieval path, so blocking achieves nothing defensively while still generating tickets. Malware never consults these; a hit means a human is looking up RPC URLs, which is useful context on who in the org is working with chains. Log and leave open.",info
chainlist.org,chainlist.org,"RPC endpoint directory. INFO: monitor only - do NOT block. A directory of endpoints, not a retrieval path, so blocking achieves nothing defensively while still generating tickets. Malware never consults these; a hit means a human is looking up RPC URLs, which is useful context on who in the org is working with chains. Log and leave open.",info
chainlist.wtf,chainlist.wtf,"RPC endpoint directory. INFO: monitor only - do NOT block. A directory of endpoints, not a retrieval path, so blocking achieves nothing defensively while still generating tickets. Malware never consults these; a hit means a human is looking up RPC URLs, which is useful context on who in the org is working with chains. Log and leave open.",info
ethereumnodes.com,ethereumnodes.com,"RPC endpoint directory. INFO: monitor only - do NOT block. A directory of endpoints, not a retrieval path, so blocking achieves nothing defensively while still generating tickets. Malware never consults these; a hit means a human is looking up RPC URLs, which is useful context on who in the org is working with chains. Log and leave open.",info
rpc.info,rpc.info,"RPC endpoint directory. INFO: monitor only - do NOT block. A directory of endpoints, not a retrieval path, so blocking achieves nothing defensively while still generating tickets. Malware never consults these; a hit means a human is looking up RPC URLs, which is useful context on who in the org is working with chains. Log and leave open.",info
